pid,wave,year,zattfam,age,female,qualhi,partner,country
10040366,2,1993,0.9,22,1,0,0,1
10040366,3,1995,0.79,24,1,0,0,1
10040366,4,1997,1.3,26,1,0,0,1
10040366,6,2001,0.79,30,1,0,0,1
10040366,7,2003,1.66,32,1,0,0,1
10127739,1,1991,2.03,20,1,0,0,1
10127739,2,1993,0.62,22,1,0,0,1
10127739,3,1995,1.49,24,1,1,0,1
10127739,4,1997,1.08,26,1,1,0,1
10127739,5,1999,1.85,28,1,1,0,1
10127739,6,2001,1.39,30,1,1,0,1
10127739,7,2003,1.81,32,1,1,0,1
10127739,8,2005,0.52,34,1,1,0,1
10127739,9,2007,0.38,36,1,1,0,1
10563253,1,1991,0.47,20,1,0,0,1
10563253,2,1993,0.17,22,1,0,0,1
10563253,3,1995,0.88,24,1,0,0,1
10563253,4,1997,1.16,26,1,0,0,1
10563253,5,1999,1.09,28,1,0,1,1
10563253,6,2001,0.77,30,1,0,1,1
10563253,7,2003,1.76,32,1,0,1,1
10563253,8,2005,1.51,34,1,0,1,1
10563253,9,2007,1.49,36,1,0,1,1
10593519,1,1991,-0.15,20,1,0,0,1
10593519,2,1993,-0.25,22,1,0,0,1
10593519,3,1995,-0.15,24,1,0,0,1
10593519,4,1997,-0.44,26,1,0,0,1
10593519,5,1999,-0.22,28,1,0,0,1
10593519,6,2001,0.54,30,1,0,0,1
10593519,7,2003,0.39,32,1,0,0,1
10593519,8,2005,-0.26,34,1,0,0,1
10593519,9,2007,-0.63,36,1,0,0,1
10628223,1,1991,-1.02,20,0,0,0,1
10628223,2,1993,-1.65,22,0,0,0,1
10634932,1,1991,-0.85,20,0,0,0,1
10634932,2,1993,-2.06,22,0,1,0,1
10654992,1,1991,-0.74,20,0,0,0,1
10654992,2,1993,0.03,22,0,0,0,1
10654992,3,1995,-1.02,24,0,1,0,1
10654992,4,1997,-0.78,26,0,1,1,1
10793852,1,1991,1.5,20,0,0,0,1
10793852,2,1993,0.73,22,0,0,0,1
10793852,3,1995,0.66,24,0,0,0,1
10793852,4,1997,0.79,26,0,0,0,1
10793852,5,1999,1.56,28,0,1,0,1
10808442,1,1991,-0.54,20,0,0,0,1
10808442,2,1993,-1.2,22,0,0,1,1
10808442,3,1995,-1.62,24,0,0,1,1
10809562,1,1991,1.36,20,1,0,0,1
10809562,2,1993,0.54,22,1,0,0,1
10809562,3,1995,1.8,24,1,0,1,1
10809562,4,1997,2.19,26,1,0,1,1
10809562,5,1999,2,28,1,0,0,1
10809562,6,2001,0.95,30,1,0,1,1
10809562,7,2003,1.92,32,1,0,1,1
10809562,8,2005,1.81,34,1,0,1,1
10809562,9,2007,1.1,36,1,0,1,1
10903577,1,1991,-0.05,20,0,0,0,1
10903577,2,1993,0.42,22,0,0,0,1
10903577,3,1995,0.48,24,0,0,0,1
10903577,4,1997,0.66,26,0,0,0,1
10903577,6,2001,0.29,30,0,0,1,1
10903577,7,2003,0.47,32,0,0,1,1
10903577,8,2005,0.86,34,0,0,1,1
10903577,9,2007,-0.17,36,0,0,1,1
10909206,1,1991,1.82,20,0,0,0,1
10909206,2,1993,1.35,22,0,0,0,1
10909206,3,1995,-0.03,24,0,0,0,1
10909206,4,1997,0.5,26,0,0,0,1
10909206,5,1999,-0.05,28,0,0,1,1
10909206,6,2001,0.6,30,0,0,1,1
11032421,1,1991,0.09,20,1,0,0,1
11032421,3,1995,0.99,24,1,0,0,1
11032421,4,1997,0.69,26,1,0,0,1
11032421,5,1999,0.67,28,1,0,1,1
11032421,6,2001,0.96,30,1,0,1,1
11032421,7,2003,-0.5,32,1,0,1,1
11032421,8,2005,0.54,34,1,0,1,1
11032421,9,2007,-0.15,36,1,0,1,1
11035722,1,1991,0.78,20,1,0,0,1
11035722,2,1993,0.5,22,1,0,0,1
11214791,1,1991,-2.81,20,0,0,0,1
11214791,2,1993,0.22,22,0,0,0,1
11214791,3,1995,-0.4,24,0,0,0,1
11214791,4,1997,0.23,26,0,0,1,1
11214791,5,1999,0.16,28,0,0,1,1
11214791,6,2001,0.23,30,0,0,1,1
11214791,7,2003,0.5,32,0,0,1,1
11214791,9,2007,1.17,36,0,0,1,1
11340282,1,1991,-2.94,20,0,0,0,1
11340282,2,1993,-3.23,22,0,0,0,1
11340282,3,1995,-0.68,24,0,0,0,1
11340282,4,1997,-0.63,26,0,0,0,1
11340282,5,1999,-0.63,28,0,0,0,1
11340282,8,2005,-1.73,34,0,0,0,1
11340282,9,2007,-0.89,36,0,0,1,1
11541776,1,1991,1.54,20,1,0,0,1
11541776,2,1993,1.45,22,1,0,0,1
11541776,3,1995,1.27,24,1,0,0,1
11541776,4,1997,1.33,26,1,0,0,1
11541776,5,1999,1.8,28,1,0,0,1
11541776,6,2001,0.61,30,1,0,1,1
11541776,7,2003,0.87,32,1,0,1,1
11541776,8,2005,0.95,34,1,1,1,1
11541776,9,2007,0.81,36,1,1,1,1
11554096,1,1991,1.25,20,0,0,0,1
11554096,2,1993,2.63,22,0,0,0,1
11554096,3,1995,-0.3,24,0,0,1,1
11573139,2,1993,2.1,22,1,1,0,1
11573139,4,1997,1.39,26,1,1,0,1
11573139,5,1999,0.64,28,1,1,0,1
11573139,6,2001,0.11,30,1,1,0,1
11573139,7,2003,0.48,32,1,1,0,1
11573139,8,2005,-0.16,34,1,1,1,1
11573139,9,2007,-0.64,36,1,1,1,1
11676108,1,1991,-1.36,20,1,0,1,1
11676108,2,1993,1.06,22,1,0,1,1
11676108,3,1995,-0.49,24,1,0,1,1
11676108,4,1997,0.59,26,1,0,1,1
11676108,5,1999,1.48,28,1,0,1,1
11676108,6,2001,1.61,30,1,0,1,1
11676108,7,2003,0.97,32,1,0,1,1
11676108,8,2005,1.45,34,1,0,1,1
11676108,9,2007,1.66,36,1,0,1,1
11718676,1,1991,0.19,20,1,0,0,1
11718676,2,1993,0.22,22,1,0,0,1
11718676,4,1997,-0.19,26,1,1,1,1
11718676,5,1999,-1.27,28,1,1,1,1
11761229,1,1991,0.99,20,1,1,0,1
11761229,2,1993,0.16,22,1,1,0,1
11761229,3,1995,-0.26,24,1,1,1,1
11761229,4,1997,0.5,26,1,1,1,1
11761229,5,1999,2.05,28,1,1,1,1
11761229,6,2001,1.49,30,1,1,1,1
11761229,7,2003,1.14,32,1,1,1,1
11761229,8,2005,0.68,34,1,1,1,1
11761229,9,2007,1.08,36,1,1,1,1
11792566,2,1993,0.88,22,0,1,0,1
11792566,3,1995,-0.82,24,0,1,1,1
11792566,5,1999,-1.07,28,0,1,0,1
11830638,1,1991,-1.69,20,1,0,0,1
11830638,2,1993,0.12,22,1,0,0,1
11830638,3,1995,-0.6,24,1,0,0,1
11830638,4,1997,-0.78,26,1,0,1,1
11830638,5,1999,-1.52,28,1,0,1,1
11944838,1,1991,1.17,20,1,1,0,1
11944838,2,1993,-0.8,22,1,1,1,1
11944838,3,1995,-0.25,24,1,1,1,1
11944838,4,1997,-1.4,26,1,1,1,1
11944838,5,1999,0.4,28,1,1,1,1
11944838,6,2001,0.06,30,1,1,1,1
11944838,7,2003,0.18,32,1,1,1,1
11944838,8,2005,0.28,34,1,1,1,1
11944838,9,2007,0.12,36,1,1,1,1
12136263,1,1991,0.11,20,1,0,1,1
12136263,2,1993,1.17,22,1,0,1,1
12136263,3,1995,-0.18,24,1,0,1,1
12136263,4,1997,-0.49,26,1,0,1,1
12136263,5,1999,-0.37,28,1,0,1,1
12136263,6,2001,-0.94,30,1,0,1,1
12136263,7,2003,-0.74,32,1,0,1,1
12136263,8,2005,-2.24,34,1,0,1,1
12136263,9,2007,-1.3,36,1,0,1,1
12213578,1,1991,-0.36,20,0,0,0,1
12213578,2,1993,-0.36,22,0,0,0,1
12213578,3,1995,0.03,24,0,0,0,1
12213578,4,1997,-0.71,26,0,0,0,1
12213578,5,1999,-0.36,28,0,0,0,1
12213578,6,2001,-1.03,30,0,0,0,1
12213578,7,2003,-1.02,32,0,0,0,1
12213578,8,2005,-0.71,34,0,0,0,1
12213578,9,2007,-0.54,36,0,0,0,1
12231398,1,1991,-0.29,20,0,0,1,1
12231398,2,1993,0.09,22,0,0,1,1
12231398,3,1995,0.74,24,0,0,0,1
12231428,1,1991,-0.31,20,1,0,1,1
12231428,2,1993,0.37,22,1,0,1,1
12231428,3,1995,1.15,24,1,0,1,1
12231428,4,1997,0.79,26,1,0,0,1
12231428,5,1999,-0.22,28,1,0,1,1
12231428,6,2001,0.11,30,1,0,1,1
12231428,7,2003,-0.72,32,1,0,1,1
12231428,8,2005,-0.73,34,1,0,1,1
12231428,9,2007,-0.08,36,1,0,1,1
12466549,1,1991,0.21,20,1,0,1,1
12466549,2,1993,-0.04,22,1,0,1,1
12466549,3,1995,1.37,24,1,0,0,1
12466549,4,1997,1.25,26,1,0,0,1
12466549,5,1999,1.25,28,1,0,0,1
12474401,1,1991,-1.21,20,0,0,0,1
12474401,2,1993,0.07,22,0,0,0,1
12474401,3,1995,-0.98,24,0,0,0,1
12474401,4,1997,0.42,26,0,0,0,1
12474401,5,1999,-0.01,28,0,0,0,1
12474401,6,2001,0.01,30,0,0,0,1
12506842,1,1991,-0.85,20,0,0,0,1
12506842,2,1993,-0.26,22,0,0,0,1
12506842,3,1995,0.03,24,0,0,0,1
12506842,4,1997,0.79,26,0,0,0,1
12595691,1,1991,1.59,20,0,0,0,1
12595691,2,1993,1.65,22,0,1,0,1
12786713,1,1991,-1.08,20,0,0,0,1
12786713,2,1993,-2.36,22,0,1,0,1
12786713,3,1995,-2.64,24,0,1,0,1
12786713,4,1997,-2.15,26,0,1,1,1
12786713,5,1999,-2.57,28,0,1,1,1
12786713,6,2001,-1.97,30,0,1,1,1
12786713,7,2003,-1.74,32,0,1,1,1
12786713,8,2005,-1.52,34,0,1,1,1
12786713,9,2007,-1.76,36,0,1,1,1
12786772,1,1991,0.65,20,0,0,0,1
12786772,2,1993,0.03,22,0,1,0,1
12805807,1,1991,-0.99,20,1,0,0,1
12805807,2,1993,0.37,22,1,0,1,1
12805807,3,1995,1.41,24,1,0,1,1
12805807,4,1997,1.85,26,1,0,1,1
12805807,5,1999,1.55,28,1,0,1,1
12805807,6,2001,0.98,30,1,0,1,1
12805807,7,2003,1.88,32,1,0,1,1
12805807,8,2005,1.84,34,1,0,1,1
12805807,9,2007,0.49,36,1,0,1,1
12820326,1,1991,2.01,20,1,0,0,1
12820326,3,1995,0.84,24,1,0,0,1
12820326,4,1997,1.8,26,1,0,0,1
12843849,1,1991,-0.23,20,0,0,1,1
12843849,2,1993,0.24,22,0,0,1,1
12843849,3,1995,0.54,24,0,0,1,1
12843849,4,1997,0.26,26,0,0,1,1
12843849,5,1999,0.5,28,0,0,1,1
12843849,6,2001,0.29,30,0,0,1,1
12843849,7,2003,0.32,32,0,0,1,1
12843849,8,2005,0.38,34,0,0,1,1
12843849,9,2007,0.29,36,0,0,1,1
12943517,1,1991,-1.41,20,0,0,0,1
12943517,2,1993,-1.32,22,0,1,0,1
12989398,1,1991,-0.1,20,1,0,1,1
12989398,2,1993,0.5,22,1,0,1,1
12989398,3,1995,-0.32,24,1,0,1,1
12989398,4,1997,0.21,26,1,0,1,1
12989398,5,1999,0.24,28,1,0,1,1
12989398,6,2001,1.84,30,1,0,1,1
12989398,7,2003,0.13,32,1,0,1,1
12989398,8,2005,0.55,34,1,0,1,1
12989398,9,2007,0.69,36,1,0,1,1
13109251,1,1991,0.42,20,0,0,0,1
13109251,3,1995,0.07,24,0,0,0,1
13122657,1,1991,-0.4,20,0,0,0,1
13122657,2,1993,-0.63,22,0,0,0,1
13122657,3,1995,-0.31,24,0,0,0,1
13122657,4,1997,-1.02,26,0,0,0,1
13122657,5,1999,-0.54,28,0,0,1,1
13122657,6,2001,-1.64,30,0,0,1,1
13122657,9,2007,-0.17,36,0,0,1,1
13162993,1,1991,-0.36,20,0,0,0,1
13162993,2,1993,-2.27,22,0,0,1,1
13162993,3,1995,-0.42,24,0,0,1,1
13162993,4,1997,-0.54,26,0,0,1,1
13162993,5,1999,-0.54,28,0,0,1,1
13162993,6,2001,-0.71,30,0,0,1,1
13162993,7,2003,-0.27,32,0,0,1,1
13162993,8,2005,-0.63,34,0,0,1,1
13162993,9,2007,-0.54,36,0,0,1,1
13242458,1,1991,0.87,20,0,0,0,1
13242458,2,1993,-0.27,22,0,0,0,1
13242458,3,1995,-0.14,24,0,0,0,1
13242458,4,1997,-0.07,26,0,0,0,1
13242458,5,1999,0.34,28,0,1,0,1
13242458,6,2001,0.87,30,0,1,1,1
13242458,7,2003,-0.27,32,0,1,1,1
13242458,8,2005,0.58,34,0,1,1,1
13242458,9,2007,0.48,36,0,1,1,1
13262548,1,1991,0.25,20,1,0,1,1
13262548,2,1993,0.05,22,1,0,0,1
13262548,3,1995,-1.05,24,1,0,0,1
13396951,1,1991,-1.62,20,0,0,0,1
13396951,2,1993,-0.92,22,0,0,0,1
13396951,3,1995,-1.09,24,0,0,0,1
13440616,1,1991,2.54,20,1,0,0,1
13440616,2,1993,0.61,22,1,0,0,1
13440616,3,1995,0.61,24,1,0,0,1
13440616,4,1997,0.04,26,1,0,1,1
13440616,5,1999,0.96,28,1,0,1,1
13440616,6,2001,1.18,30,1,0,1,1
13440616,7,2003,0.62,32,1,0,1,1
13440616,8,2005,1.16,34,1,0,1,1
13440616,9,2007,0.9,36,1,0,1,1
13457411,1,1991,1.26,20,1,0,0,1
13457411,2,1993,0.59,22,1,0,1,1
13457411,3,1995,0.65,24,1,0,1,1
13457411,4,1997,-0.9,26,1,0,1,1
13457411,5,1999,1.21,28,1,0,1,1
13580531,1,1991,-0.39,20,0,0,0,1
13580531,2,1993,-1.22,22,0,0,0,1
13593978,1,1991,1.66,20,0,0,0,1
13593978,2,1993,1.5,22,0,0,0,1
13593978,3,1995,2.08,24,0,0,0,1
13593978,4,1997,0.99,26,0,0,0,1
13593978,5,1999,0.92,28,0,0,0,1
13598481,1,1991,0.45,20,1,0,0,1
13598481,2,1993,-1.9,22,1,0,0,1
13598481,3,1995,-0.75,24,1,0,0,1
13598481,4,1997,0.88,26,1,0,0,1
13598481,5,1999,-0.83,28,1,0,0,1
13598481,6,2001,-0.87,30,1,0,0,1
13598481,7,2003,-2.24,32,1,0,0,1
13598481,8,2005,-2.14,34,1,0,0,1
13598481,9,2007,-2.57,36,1,0,0,1
13663399,1,1991,-0.72,20,1,0,1,1
13663399,2,1993,-0.33,22,1,0,1,1
13663399,3,1995,-0.84,24,1,0,1,1
13663399,4,1997,-0.88,26,1,0,1,1
13693611,1,1991,-0.17,20,1,0,1,1
13693611,2,1993,0.67,22,1,0,1,1
13693611,3,1995,0.36,24,1,0,1,1
13693611,4,1997,-0.15,26,1,0,1,1
13693611,5,1999,1.12,28,1,0,1,1
13693611,6,2001,0.62,30,1,0,0,1
13693611,7,2003,0.68,32,1,0,1,1
13693611,8,2005,1.45,34,1,0,0,1
13693611,9,2007,0.92,36,1,0,0,1
13757431,1,1991,0.27,20,1,0,1,1
13757431,2,1993,0.61,22,1,0,1,1
13757431,3,1995,-0.88,24,1,0,1,1
13757431,4,1997,-0.66,26,1,0,1,1
13757431,5,1999,-0.88,28,1,0,1,1
13757431,6,2001,-0.32,30,1,0,1,1
13757431,7,2003,0.16,32,1,0,1,1
13757431,8,2005,-0.07,34,1,0,1,1
13757431,9,2007,-1.55,36,1,0,1,1
13796682,1,1991,-2.24,20,0,0,0,1
13796682,2,1993,-0.78,22,0,0,0,1
13796682,3,1995,-1,24,0,0,1,1
13796682,4,1997,-1.54,26,0,0,1,1
13796682,5,1999,-1.66,28,0,0,1,1
13796682,6,2001,-1.23,30,0,0,1,1
13796682,7,2003,-1.68,32,0,0,1,1
13796682,8,2005,-1.83,34,0,0,1,1
13796682,9,2007,-1.86,36,0,0,1,1
13840282,1,1991,-0.01,20,1,0,1,1
13840282,2,1993,-1.46,22,1,0,1,1
13840282,3,1995,-0.62,24,1,0,1,1
13840282,4,1997,-1.33,26,1,0,1,1
13840282,5,1999,-1.01,28,1,0,1,1
13840282,6,2001,-0.73,30,1,0,1,1
13879448,1,1991,0.4,20,1,0,1,1
13879448,2,1993,-0.18,22,1,0,0,1
13879448,3,1995,1.38,24,1,0,0,1
13879448,4,1997,1.03,26,1,0,0,1
13879448,5,1999,0.47,28,1,0,1,1
13879448,6,2001,0.74,30,1,0,1,1
13879448,7,2003,0.42,32,1,0,0,1
13879472,1,1991,1.03,20,0,0,1,1
13879472,2,1993,0.41,22,0,0,0,1
13879472,3,1995,-0.59,24,0,0,1,1
13879472,4,1997,0.06,26,0,0,1,1
13879472,5,1999,-0.79,28,0,0,0,1
13879472,6,2001,0.5,30,0,0,0,1
13879472,8,2005,-0.2,34,0,0,1,1
13879472,9,2007,0.07,36,0,0,1,1
13903071,1,1991,-0.93,20,0,0,0,1
13903071,3,1995,-0.92,24,0,0,0,1
13903071,4,1997,-1.14,26,0,0,0,1
13903071,5,1999,-0.61,28,0,0,0,1
13903071,6,2001,-0.81,30,0,0,0,1
13903071,7,2003,-0.65,32,0,0,0,1
13903071,8,2005,-1.24,34,0,0,0,1
13903071,9,2007,-0.37,36,0,0,0,1
13933248,1,1991,1.22,20,1,0,0,1
13933248,2,1993,0.95,22,1,0,0,1
13933248,4,1997,0.4,26,1,0,1,1
13933248,5,1999,0.72,28,1,0,1,1
13933248,6,2001,0.42,30,1,0,1,1
13933248,7,2003,-0.18,32,1,0,1,1
13933248,8,2005,-0.48,34,1,0,1,1
13933248,9,2007,0.91,36,1,0,1,1
13965719,1,1991,0.48,20,0,0,0,1
13965719,2,1993,1.93,22,0,0,0,1
13965719,3,1995,0.08,24,0,0,1,1
13965719,4,1997,-1.51,26,0,0,1,1
13965719,5,1999,-1.36,28,0,0,1,1
14076551,1,1991,0.89,20,0,0,0,1
14076551,2,1993,0.21,22,0,0,0,1
14076551,3,1995,-0.72,24,0,0,1,1
14076551,4,1997,0.52,26,0,0,1,1
14181797,1,1991,0.42,20,0,0,0,1
14181797,4,1997,-0.08,26,0,0,0,1
14181797,5,1999,0.03,28,0,0,0,1
14181797,6,2001,0.28,30,0,0,1,1
14181797,7,2003,-0.05,32,0,0,1,1
14181797,8,2005,0.15,34,0,0,1,1
14181797,9,2007,-0.33,36,0,0,1,1
14207516,1,1991,0.46,20,1,0,1,1
14207516,2,1993,-2.13,22,1,0,1,1
14207516,3,1995,-1.6,24,1,0,1,1
14207516,4,1997,-0.59,26,1,0,1,1
14207516,5,1999,-0.35,28,1,0,1,1
14207516,6,2001,0.5,30,1,0,1,1
14207516,7,2003,1.03,32,1,0,0,1
14207516,8,2005,-0.56,34,1,0,1,1
14207516,9,2007,-0.3,36,1,0,1,1
14331829,1,1991,-1.54,20,0,0,0,1
14331829,2,1993,-1.08,22,0,0,0,1
14331829,3,1995,-2.74,24,0,0,0,1
14355361,1,1991,-1.27,20,0,0,0,1
14355361,2,1993,-0.35,22,0,0,0,1
14355361,3,1995,0.78,24,0,0,1,1
14355361,4,1997,0.28,26,0,0,1,1
14355361,5,1999,-0.72,28,0,0,1,1
14355361,6,2001,0.05,30,0,0,1,1
14355361,7,2003,-0.06,32,0,0,0,1
14355361,8,2005,0.25,34,0,0,0,1
14355361,9,2007,-0.5,36,0,0,1,1
14402416,1,1991,-0.47,20,0,0,0,1
14402416,2,1993,-0.95,22,0,0,0,1
14402416,3,1995,-0.85,24,0,0,0,1
14402416,4,1997,-1.32,26,0,0,0,1
14402416,5,1999,-0.6,28,0,0,0,1
14402416,6,2001,0.11,30,0,0,0,1
14402416,7,2003,1.42,32,0,0,0,1
14402416,8,2005,0.1,34,0,0,0,1
14402416,9,2007,-0.94,36,0,0,0,1
14406837,1,1991,-0.36,20,0,0,0,1
14406837,2,1993,-0.14,22,0,0,0,1
14406837,3,1995,-0.3,24,0,0,0,1
14406837,4,1997,-0.13,26,0,0,0,1
14406837,5,1999,0.22,28,0,0,1,1
14406837,6,2001,0.07,30,0,0,1,1
14406837,7,2003,0.52,32,0,0,1,1
14406837,8,2005,-0.13,34,0,0,1,1
14406837,9,2007,0.56,36,0,0,1,1
14523213,1,1991,1.18,20,1,0,0,1
14523213,2,1993,0.24,22,1,1,1,1
14523213,3,1995,1.9,24,1,1,1,1
14523213,4,1997,0.95,26,1,1,1,1
14523213,5,1999,-0.52,28,1,1,1,1
14523213,6,2001,0.04,30,1,1,1,1
14523213,7,2003,-0.88,32,1,1,1,1
14523248,1,1991,1.32,20,1,0,0,1
14523248,2,1993,1.49,22,1,0,1,1
14523248,3,1995,1.9,24,1,1,0,1
14523248,4,1997,2.05,26,1,1,0,1
14523248,5,1999,1.39,28,1,1,1,1
14523248,6,2001,1.93,30,1,1,1,1
14523248,7,2003,0.32,32,1,1,1,1
14523248,8,2005,0.52,34,1,1,1,1
14523248,9,2007,0.45,36,1,1,1,1
14550113,1,1991,-0.05,20,1,0,1,1
14550113,2,1993,-1.29,22,1,0,1,1
14550113,3,1995,-1.42,24,1,0,1,1
14550113,4,1997,-1.3,26,1,0,1,1
14550113,5,1999,-2,28,1,0,1,1
14550113,6,2001,-2.82,30,1,0,1,1
14550113,7,2003,-2.94,32,1,0,1,1
14550113,8,2005,-2.74,34,1,0,1,1
14550113,9,2007,-2.47,36,1,0,1,1
14646463,1,1991,-1.57,20,1,0,0,1
14646463,2,1993,0.34,22,1,0,1,1
14646463,3,1995,0.31,24,1,0,1,1
14646463,4,1997,-0.7,26,1,0,0,1
14646463,5,1999,-1.77,28,1,0,1,1
14646463,6,2001,-0.31,30,1,0,1,1
14646463,7,2003,-0.09,32,1,1,1,1
14646463,8,2005,-0.12,34,1,1,1,1
14646463,9,2007,1.05,36,1,1,1,1
14654326,1,1991,0.26,20,1,0,0,1
14654326,2,1993,0.19,22,1,0,1,1
14654326,3,1995,0.63,24,1,0,1,1
14654326,4,1997,0.53,26,1,0,1,1
14654326,5,1999,0.42,28,1,0,1,1
14654326,6,2001,0.64,30,1,0,0,1
14654326,7,2003,0.12,32,1,0,0,1
14654326,8,2005,0.12,34,1,0,0,1
14654326,9,2007,-0.03,36,1,0,0,1
14659867,1,1991,-0.43,20,0,0,0,1
14659867,2,1993,0.1,22,0,0,0,1
14659867,3,1995,1.24,24,0,0,1,1
14659867,4,1997,0.02,26,0,0,1,1
14659867,5,1999,0.06,28,0,0,1,1
14659867,6,2001,0.89,30,0,0,1,1
14659867,7,2003,0.75,32,0,0,1,1
14659867,8,2005,0.71,34,0,0,1,1
14659867,9,2007,0.71,36,0,0,1,1
14906112,1,1991,-0.34,20,1,0,1,1
14906112,2,1993,0.66,22,1,0,1,1
14944189,1,1991,-1.08,20,1,0,0,1
14944189,2,1993,-1.46,22,1,0,0,1
14944189,3,1995,-0.34,24,1,0,0,1
14944189,5,1999,-1.81,28,1,0,1,1
14944189,6,2001,-1.44,30,1,0,1,1
14944189,7,2003,-0.66,32,1,0,1,1
14944189,8,2005,-0.21,34,1,0,1,1
14944189,9,2007,-0.03,36,1,0,0,1
15044971,1,1991,-0.24,20,0,0,1,1
15044971,2,1993,0,22,0,0,1,1
15044971,3,1995,-0.93,24,0,0,1,1
15044971,4,1997,0.03,26,0,0,1,1
15044971,5,1999,-0.66,28,0,0,1,1
15044971,6,2001,0.14,30,0,0,1,1
15044971,7,2003,0.22,32,0,0,1,1
15044971,8,2005,0,34,0,0,1,1
15044971,9,2007,0.86,36,0,0,1,1
15096513,1,1991,1.1,20,1,0,0,1
15096513,3,1995,-0.47,24,1,0,0,1
15096513,6,2001,0.05,30,1,0,1,1
15096513,7,2003,-1.5,32,1,0,1,1
15096513,8,2005,0.37,34,1,0,1,1
15096513,9,2007,0.57,36,1,0,1,1
15098753,1,1991,-0.85,20,0,0,1,1
15098753,4,1997,-1.43,26,0,0,1,1
15113302,1,1991,1.21,20,1,0,0,1
15113302,2,1993,1.06,22,1,0,0,1
15113302,3,1995,0.56,24,1,0,0,1
15113302,4,1997,0.92,26,1,0,0,1
15113302,5,1999,0.38,28,1,0,0,1
15309177,1,1991,-1.2,20,0,0,1,1
15309177,2,1993,-1.14,22,0,0,1,1
15387577,4,1997,-0.15,26,0,0,1,1
15387577,5,1999,-1.57,28,0,0,0,1
15387577,6,2001,-1.16,30,0,0,1,1
15387577,7,2003,-0.95,32,0,0,1,1
15387577,8,2005,-1.45,34,0,0,1,1
15387577,9,2007,-0.95,36,0,0,1,1
15469379,1,1991,1.21,20,1,0,0,1
15469379,2,1993,1.04,22,1,0,1,1
15469379,3,1995,1.08,24,1,0,1,1
15469379,4,1997,1.61,26,1,0,1,1
15469379,5,1999,2.24,28,1,0,1,1
15469379,6,2001,1.91,30,1,0,1,1
15469379,7,2003,1.07,32,1,0,1,1
15469379,8,2005,1.57,34,1,0,1,1
15469379,9,2007,1.35,36,1,0,1,1
15691012,1,1991,0.66,20,0,0,0,1
15691012,2,1993,0.83,22,0,1,0,1
15691012,3,1995,0.48,24,0,1,0,1
16096282,1,1991,-1.14,20,0,0,1,1
16096282,2,1993,1.08,22,0,0,1,1
16096282,3,1995,0.86,24,0,0,1,1
16096282,4,1997,-0.19,26,0,0,1,1
16096282,5,1999,-0.42,28,0,0,1,1
16096282,6,2001,-0.07,30,0,0,1,1
16096282,7,2003,0.64,32,0,0,1,1
16096282,9,2007,-0.57,36,0,0,1,1
16180313,1,1991,0.25,20,0,0,0,1
16180313,2,1993,-0.31,22,0,0,0,1
16180313,3,1995,0.38,24,0,0,0,1
16180313,4,1997,-1.07,26,0,0,0,1
16180313,5,1999,0.44,28,0,0,1,1
16180313,6,2001,0.6,30,0,0,1,1
16180313,7,2003,0.89,32,0,0,1,1
16180313,8,2005,0.57,34,0,0,1,1
16180313,9,2007,0.58,36,0,0,1,1
16390709,1,1991,1.12,20,1,0,1,1
16390709,2,1993,-0.32,22,1,0,1,1
16390709,3,1995,-0.7,24,1,0,0,1
16390709,4,1997,0.75,26,1,0,0,1
16390709,5,1999,0.31,28,1,0,1,1
16390709,6,2001,1.39,30,1,0,0,1
16390709,7,2003,0.52,32,1,0,1,1
16390709,8,2005,0.63,34,1,0,1,1
16390709,9,2007,0.75,36,1,0,0,1
16496043,1,1991,1.01,20,1,0,0,1
16496043,3,1995,2.79,24,1,0,1,1
16496043,4,1997,1.02,26,1,0,1,1
16496043,5,1999,1.04,28,1,0,0,1
16496043,6,2001,0.12,30,1,0,1,1
16496043,7,2003,0.73,32,1,0,1,1
16496043,8,2005,1.08,34,1,0,1,1
16496043,9,2007,0.66,36,1,0,1,1
16615808,1,1991,0.18,20,1,0,0,1
16615808,2,1993,0.89,22,1,0,0,1
16615808,3,1995,0.56,24,1,0,0,1
16615808,4,1997,1.08,26,1,0,0,1
16615808,5,1999,0.59,28,1,0,0,1
16615808,6,2001,0.28,30,1,0,0,1
16615808,7,2003,0.24,32,1,0,1,1
16615808,8,2005,0.46,34,1,0,1,1
16615808,9,2007,0.43,36,1,0,1,1
16696417,1,1991,-0.25,20,0,0,0,1
16696417,2,1993,0.32,22,0,0,1,1
16696417,3,1995,0.2,24,0,0,1,1
16696417,4,1997,-0.04,26,0,0,1,1
16696417,5,1999,0.14,28,0,0,1,1
16696417,6,2001,0.48,30,0,0,1,1
16696417,7,2003,-0.42,32,0,0,1,1
16696417,8,2005,0.23,34,0,0,1,1
16696417,9,2007,0,36,0,0,1,1
16723252,1,1991,-0.64,20,0,0,0,1
16723252,2,1993,-0.83,22,0,0,0,1
16723252,3,1995,-0.91,24,0,0,0,1
16723252,4,1997,-1.29,26,0,0,0,1
16723252,5,1999,-0.94,28,0,0,0,1
16723252,6,2001,-0.27,30,0,0,0,1
16723252,7,2003,-1.49,32,0,0,0,1
16723252,8,2005,-0.56,34,0,0,0,1
16723252,9,2007,0.62,36,0,0,0,1
16733363,1,1991,0.71,20,0,0,0,1
16733363,2,1993,1.22,22,0,0,0,1
16733363,3,1995,-1.49,24,0,0,1,1
16733363,4,1997,-2.16,26,0,0,1,1
16733363,5,1999,-1.46,28,0,0,1,1
16733363,6,2001,-2.23,30,0,0,1,1
16733363,7,2003,-2.49,32,0,0,1,1
16733363,8,2005,-0.78,34,0,0,0,1
16733363,9,2007,-0.78,36,0,0,0,1
16790421,1,1991,-1.51,20,0,0,0,1
16790421,2,1993,-0.96,22,0,1,0,1
16790421,3,1995,-0.47,24,0,1,1,1
16790421,4,1997,-0.96,26,0,1,0,1
16790421,5,1999,-0.27,28,0,1,0,1
16790421,6,2001,-1.08,30,0,1,1,1
16790421,7,2003,-1.31,32,0,1,1,1
16790421,8,2005,-1.4,34,0,1,1,1
16790421,9,2007,0,36,0,1,0,1
16810619,2,1993,-0.22,22,1,1,0,1
16810619,4,1997,-0.36,26,1,1,0,1
16810619,5,1999,0.64,28,1,1,1,1
16810619,7,2003,-0.87,32,1,1,1,1
16817338,1,1991,0.95,20,0,0,0,1
16817338,4,1997,-0.85,26,0,0,1,1
16883381,1,1991,1.13,20,1,0,0,1
16883381,2,1993,0.03,22,1,0,0,1
16883381,3,1995,0.6,24,1,0,1,1
16883381,4,1997,-0.24,26,1,0,1,1
16883381,5,1999,0.04,28,1,0,1,1
16883381,6,2001,-0.43,30,1,0,1,1
16883381,8,2005,-1.64,34,1,0,1,1
16883381,9,2007,-1.45,36,1,0,1,2
16967666,1,1991,0.8,20,0,0,0,1
16967666,2,1993,0.8,22,0,0,0,1
16967666,3,1995,1,24,0,0,0,1
16967666,4,1997,0.31,26,0,1,0,1
16967666,5,1999,0.8,28,0,1,0,1
16967666,6,2001,0.61,30,0,1,0,1
16967666,7,2003,0.42,32,0,1,0,1
16967666,8,2005,0.92,34,0,1,0,1
16967666,9,2007,0.94,36,0,1,0,1
16986393,1,1991,0.25,20,1,0,0,1
16986393,2,1993,0.68,22,1,0,0,1
16986393,3,1995,-0.46,24,1,0,1,1
16986393,4,1997,0.09,26,1,0,1,1
16986393,5,1999,0.38,28,1,0,1,1
16986393,6,2001,0.25,30,1,1,1,1
16986393,7,2003,0,32,1,1,1,1
16986393,8,2005,-0.3,34,1,1,1,1
16986393,9,2007,-0.13,36,1,1,1,1
16990803,1,1991,-0.39,20,0,0,1,1
16990803,2,1993,-0.09,22,0,0,1,1
16990803,3,1995,-0.33,24,0,0,1,1
16990803,4,1997,0.13,26,0,0,1,1
16990803,5,1999,0.44,28,0,0,1,1
16990803,6,2001,-1.15,30,0,0,1,1
16990803,9,2007,0.61,36,0,0,0,1
17046858,1,1991,-0.16,20,0,0,0,1
17046858,2,1993,-0.36,22,0,1,0,1
17097266,1,1991,0.66,20,0,0,0,1
17097266,2,1993,-0.9,22,0,0,0,1
17097266,3,1995,-1.29,24,0,0,0,1
17097266,4,1997,0.23,26,0,0,0,1
17097266,5,1999,-0.43,28,0,0,0,1
17097266,6,2001,-1.15,30,0,0,0,1
17105102,1,1991,-0.65,20,1,0,0,1
17105102,2,1993,0.83,22,1,1,0,1
17105102,3,1995,-1.2,24,1,1,0,1
17105102,4,1997,-1.09,26,1,1,1,1
17105102,5,1999,-0.48,28,1,1,1,1
17105102,6,2001,-0.54,30,1,1,1,1
17105102,7,2003,-1.26,32,1,1,1,1
17105102,8,2005,-1.4,34,1,1,1,1
17169607,1,1991,1.71,20,1,0,1,1
17169607,2,1993,1.25,22,1,0,1,1
17169607,3,1995,0.58,24,1,0,1,1
17169607,4,1997,-0.49,26,1,0,1,1
17169607,5,1999,-1.03,28,1,0,1,1
17169607,6,2001,-0.45,30,1,0,1,1
17169607,7,2003,0.42,32,1,0,1,1
17169607,8,2005,-0.53,34,1,1,1,1
17169607,9,2007,-0.78,36,1,1,1,1
17271886,1,1991,0.35,20,0,0,0,1
17271886,2,1993,-0.12,22,0,0,0,1
17271886,3,1995,0,24,0,0,1,1
17271886,4,1997,-0.31,26,0,0,1,1
17271886,5,1999,-0.49,28,0,0,1,1
17271886,6,2001,-0.45,30,0,0,1,1
17271886,7,2003,-0.15,32,0,0,1,1
17271886,8,2005,-1.46,34,0,0,1,1
17274133,1,1991,-0.12,20,0,0,0,1
17274133,2,1993,0.2,22,0,0,0,1
17274133,3,1995,-0.32,24,0,0,1,1
17274133,4,1997,-0.46,26,0,0,1,1
17274133,5,1999,-0.46,28,0,0,1,1
17274133,6,2001,-0.44,30,0,0,1,1
17274133,7,2003,-0.75,32,0,0,1,1
17274133,8,2005,-0.38,34,0,0,1,1
17443229,1,1991,-2.39,20,1,0,0,1
17443229,2,1993,0.5,22,1,0,1,1
17443229,3,1995,0.32,24,1,0,0,1
17443229,4,1997,0.05,26,1,0,0,1
17443229,5,1999,-0.48,28,1,0,0,1
17443229,6,2001,0.51,30,1,0,1,1
17443229,7,2003,-1.34,32,1,0,1,1
17443229,8,2005,-0.59,34,1,0,1,1
17443229,9,2007,0.23,36,1,0,1,1
17683939,1,1991,-0.2,20,0,0,0,1
17683939,2,1993,0.03,22,0,0,0,1
17683939,3,1995,-1.16,24,0,0,0,1
17683939,4,1997,-0.96,26,0,0,1,1
17734282,1,1991,-1.99,20,0,0,0,1
17734282,2,1993,-1.24,22,0,0,0,1
17734282,3,1995,-1.7,24,0,0,0,1
17734282,4,1997,-1.18,26,0,0,0,1
17734282,5,1999,-1.66,28,0,0,1,1
17734282,6,2001,-1.03,30,0,0,0,1
17734282,7,2003,-1.16,32,0,0,0,1
17734282,8,2005,0.7,34,0,0,1,1
17738768,1,1991,-0.1,20,0,0,0,1
17738768,2,1993,0.55,22,0,0,0,1
17738768,3,1995,-0.25,24,0,0,0,1
17738768,4,1997,0.32,26,0,0,0,1
17738768,5,1999,0.45,28,0,0,1,1
17738768,6,2001,0.32,30,0,0,1,1
17738768,7,2003,0.35,32,0,0,1,1
17738768,8,2005,-1.42,34,0,0,1,1
17738768,9,2007,-1.4,36,0,0,1,1
17837286,1,1991,-0.5,20,1,0,0,1
17837286,2,1993,-0.2,22,1,0,1,1
17837286,3,1995,0.11,24,1,0,1,1
17837286,4,1997,-0.24,26,1,0,1,1
17837286,6,2001,-0.51,30,1,0,0,1
17837286,7,2003,0.04,32,1,0,1,1
17837286,8,2005,0.39,34,1,0,1,1
17837286,9,2007,0.92,36,1,0,1,1
17916771,2,1993,0.02,22,0,0,0,1
17916771,3,1995,0.3,24,0,0,0,1
17916771,4,1997,0.41,26,0,0,0,1
17916771,5,1999,0.45,28,0,0,0,1
17916771,6,2001,-0.64,30,0,0,0,1
17916771,7,2003,-0.63,32,0,0,0,1
18065716,1,1991,-0.12,20,0,0,0,2
18065716,2,1993,-0.07,22,0,0,0,2
18065716,3,1995,0.04,24,0,0,0,2
18065716,4,1997,0.71,26,0,0,0,2
18065716,5,1999,0.19,28,0,0,1,2
18065716,6,2001,0.17,30,0,0,1,2
18065716,7,2003,-0.22,32,0,0,1,2
18065716,8,2005,-0.63,34,0,0,1,2
18065716,9,2007,-0.63,36,0,0,1,2
18118283,1,1991,1.41,20,1,0,1,2
18118283,3,1995,2.65,24,1,0,1,2
18139558,3,1995,1.16,24,1,0,0,2
18139558,4,1997,1.11,26,1,0,0,2
18158641,1,1991,0.7,20,0,0,0,2
18158641,2,1993,1.31,22,0,0,0,2
18158641,3,1995,0.43,24,0,0,0,2
18158641,4,1997,0.43,26,0,0,0,2
18158641,5,1999,-0.42,28,0,0,0,2
18158641,6,2001,-0.19,30,0,0,0,2
18158641,7,2003,-0.08,32,0,0,0,2
18158641,8,2005,-0.34,34,0,0,0,2
18158641,9,2007,0.55,36,0,0,1,2
18166482,1,1991,0.13,20,1,0,0,2
18166482,2,1993,0.64,22,1,0,0,2
18166482,3,1995,-0.42,24,1,0,0,2
18166482,4,1997,-0.21,26,1,0,0,2
18166482,5,1999,-1.44,28,1,0,0,2
18195539,1,1991,0.84,20,0,0,0,2
18195539,2,1993,2.2,22,0,0,0,2
18195539,3,1995,1.17,24,0,0,0,2
18212387,1,1991,-1.32,20,0,0,0,2
18212387,2,1993,-0.32,22,0,0,0,2
18212387,3,1995,-0.64,24,0,0,0,2
18212387,4,1997,0.04,26,0,0,0,2
18212387,5,1999,0.29,28,0,0,0,2
18212387,6,2001,0.43,30,0,0,1,2
18212387,7,2003,-0.13,32,0,0,1,2
18212387,8,2005,0.13,34,0,0,1,2
18212387,9,2007,-0.43,36,0,0,1,2
18354483,1,1991,0.85,20,1,0,1,2
18354483,2,1993,0.16,22,1,0,1,2
18354483,3,1995,-0.34,24,1,0,1,2
18354483,4,1997,0.25,26,1,0,1,2
18354483,5,1999,0.56,28,1,0,1,2
18354483,6,2001,1.06,30,1,0,1,2
18354483,7,2003,-0.9,32,1,0,1,2
18354483,8,2005,-0.39,34,1,0,1,2
18354483,9,2007,0.3,36,1,0,1,2
18354513,1,1991,-0.87,20,0,0,1,2
18354513,2,1993,-0.42,22,0,0,1,2
18354513,3,1995,-0.54,24,0,0,1,2
18354513,4,1997,-0.03,26,0,0,1,2
18354513,5,1999,0.07,28,0,0,1,2
18354513,6,2001,-0.11,30,0,0,1,2
18354513,7,2003,-0.06,32,0,0,1,2
18354513,8,2005,-0.46,34,0,0,1,2
18354513,9,2007,0.48,36,0,0,1,2
18461212,1,1991,1.74,20,1,0,0,3
18461212,2,1993,1.79,22,1,1,0,3
18461212,3,1995,1.65,24,1,1,0,3
18461212,4,1997,1.71,26,1,1,1,3
18461212,5,1999,1.33,28,1,1,1,3
18461212,6,2001,-0.87,30,1,1,1,3
18461212,7,2003,-1.32,32,1,1,1,3
18461212,8,2005,-1.14,34,1,1,1,3
18461212,9,2007,-1.35,36,1,1,1,3
18465358,1,1991,0.4,20,1,0,0,3
18465358,2,1993,1.51,22,1,1,0,3
18465358,3,1995,1.63,24,1,1,1,3
18465358,4,1997,1.37,26,1,1,1,3
18465358,5,1999,0.94,28,1,1,1,3
18465358,6,2001,1.11,30,1,1,1,3
18465358,7,2003,1.01,32,1,1,1,3
18465358,8,2005,1.55,34,1,1,1,3
18465358,9,2007,1.17,36,1,1,1,3
18469116,1,1991,-1.06,20,0,0,0,3
18469116,2,1993,-0.19,22,0,0,1,3
18469116,3,1995,-2.49,24,0,0,0,3
18469116,4,1997,-1.93,26,0,0,0,3
18469116,5,1999,-2.57,28,0,0,0,3
18469116,6,2001,-0.74,30,0,0,0,3
18469116,7,2003,-2.09,32,0,0,0,3
18469116,8,2005,-2.21,34,0,0,0,3
18469116,9,2007,-2.57,36,0,0,1,3
18500099,1,1991,0.65,20,1,1,0,3
18500099,5,1999,-0.38,28,1,1,0,3
18500099,6,2001,-0.74,30,1,1,0,3
18500099,7,2003,-0.44,32,1,1,1,3
18500099,8,2005,-0.27,34,1,1,1,3
18500099,9,2007,-0.64,36,1,1,1,3
18608698,1,1991,-0.38,20,0,0,0,3
18608698,2,1993,-0.38,22,0,0,0,3
18608698,4,1997,-0.82,26,0,0,0,1
18608698,5,1999,-0.59,28,0,0,0,3
18608698,6,2001,-0.63,30,0,0,0,3
18608698,7,2003,-0.54,32,0,0,1,3
18608698,8,2005,-0.46,34,0,0,1,3
18608698,9,2007,-0.3,36,0,0,1,3
18623247,1,1991,0.12,20,0,0,0,3
18623247,2,1993,-0.96,22,0,0,0,3
18623247,3,1995,0.15,24,0,0,0,3
18623247,4,1997,-0.34,26,0,0,0,3
18623247,5,1999,-0.23,28,0,0,1,3
18623247,6,2001,0.2,30,0,0,1,3
18683703,1,1991,-0.17,20,0,0,0,3
18683703,2,1993,-0.35,22,0,0,1,3
18683703,3,1995,0.04,24,0,0,1,3
18683703,4,1997,0.13,26,0,0,1,3
18683703,5,1999,0.16,28,0,0,1,3
18683703,6,2001,1.08,30,0,0,1,3
18683703,7,2003,-1.38,32,0,0,1,3
18683703,8,2005,-1.36,34,0,0,1,3
18683703,9,2007,-1.98,36,0,0,0,3
18701582,1,1991,1.73,20,0,0,1,3
18701582,2,1993,1.09,22,0,0,0,3
18909868,1,1991,-0.04,20,0,0,0,3
18909868,2,1993,0.31,22,0,0,0,3
18909868,3,1995,0.65,24,0,0,0,3
18909868,4,1997,0.76,26,0,0,0,3
18909868,5,1999,0.76,28,0,0,0,3
18909868,6,2001,0.76,30,0,0,1,3
18909868,7,2003,0.24,32,0,1,1,3
18909868,8,2005,0.17,34,0,1,1,3
18909868,9,2007,0.76,36,0,1,1,3
18979211,1,1991,0.39,20,0,0,0,3
18979211,2,1993,0.6,22,0,1,0,3
18979211,3,1995,0.21,24,0,1,0,3
18987826,1,1991,1.02,20,0,0,0,3
18987826,2,1993,1.66,22,0,1,0,1
18987826,3,1995,1.21,24,0,1,0,1
18987826,4,1997,1.37,26,0,1,0,1
18987826,5,1999,1.57,28,0,1,1,1
18987826,6,2001,1.09,30,0,1,1,1
18987826,7,2003,1.27,32,0,1,1,1
18987826,8,2005,1.36,34,0,1,1,1
18987826,9,2007,1.17,36,0,1,1,1
18987869,1,1991,1.84,20,1,0,0,3
18987869,2,1993,0.36,22,1,1,0,3
18987869,3,1995,0.06,24,1,1,1,3
18987869,5,1999,0.62,28,1,1,0,3
18987869,6,2001,-0.26,30,1,1,0,3
18987869,7,2003,0.03,32,1,1,0,3
18987869,8,2005,0.1,34,1,1,0,3
18987869,9,2007,-0.16,36,1,1,0,3
18993028,1,1991,0.31,20,1,0,0,3
18993028,2,1993,1.26,22,1,0,0,3
18993028,3,1995,0.61,24,1,0,0,3
19011687,1,1991,-1.51,20,1,0,1,3
19011687,2,1993,-0.53,22,1,0,1,3
19011687,3,1995,0.27,24,1,0,1,3
19019157,1,1991,0.53,20,1,0,0,3
19019157,2,1993,-0.84,22,1,0,1,3
19019157,3,1995,-0.03,24,1,0,1,3
19019157,4,1997,0.32,26,1,0,1,3
19019157,5,1999,-0.63,28,1,0,1,3
19019157,6,2001,0.46,30,1,0,1,3
19019157,7,2003,-0.63,32,1,0,1,3
19019157,8,2005,0.15,34,1,0,0,3
19019157,9,2007,-0.09,36,1,0,0,3
19083467,1,1991,0.5,20,1,0,0,3
19083467,2,1993,0.91,22,1,0,0,3
19083467,3,1995,1.7,24,1,0,0,3
19083467,4,1997,1.17,26,1,0,0,3
19083467,5,1999,1.73,28,1,0,1,3
19083467,6,2001,1.27,30,1,0,1,3
19083467,7,2003,1.55,32,1,0,1,3
19083467,8,2005,1.86,34,1,0,1,3
19083467,9,2007,1.46,36,1,0,1,3
19109156,2,1993,0.54,22,1,0,0,3
19109156,3,1995,1.26,24,1,0,1,3
19109156,4,1997,0.61,26,1,0,1,3
19109156,5,1999,-1.25,28,1,0,1,3
19109156,6,2001,2.15,30,1,0,1,3
20014848,2,1993,0.59,22,0,0,1,1
20014848,3,1995,0.19,24,0,0,1,1
20014848,4,1997,0.89,26,0,0,1,1
20014848,5,1999,-0.15,28,0,0,1,1
20014848,6,2001,-0.16,30,0,0,1,1
20014848,7,2003,-0.67,32,0,0,1,1
20014848,8,2005,-1.3,34,0,0,1,1
20014848,9,2007,-0.32,36,0,0,1,1
20014864,2,1993,0.07,22,0,0,1,1
20014864,3,1995,-0.84,24,0,0,1,1
20014864,4,1997,-0.77,26,0,0,1,1
20014864,5,1999,0.32,28,0,0,1,1
21856885,2,1993,-1.03,22,1,0,1,1
21856885,3,1995,-0.77,24,1,0,0,1
21856885,4,1997,0.05,26,1,0,0,1
21856885,5,1999,0.05,28,1,0,0,1
21856885,6,2001,0.28,30,1,0,0,1
22005218,2,1993,-1.15,22,1,0,1,1
22005218,3,1995,-0.59,24,1,0,1,1
22005218,4,1997,-1.75,26,1,0,1,1
22005218,5,1999,-1.21,28,1,0,1,1
22005218,6,2001,-0.96,30,1,0,1,1
22005218,7,2003,-1.33,32,1,0,1,1
22005218,8,2005,-1.68,34,1,0,1,1
25365363,2,1993,-0.75,22,0,0,1,1
25365363,3,1995,-0.72,24,0,0,1,1
25365363,4,1997,-0.09,26,0,0,1,1
26372231,2,1993,-0.5,22,0,0,0,1
26372231,3,1995,-0.3,24,0,0,0,1
26372231,4,1997,-0.35,26,0,0,0,1
26741008,6,2001,0.27,30,1,0,1,1
26741008,8,2005,0.19,34,1,0,1,1
26741008,9,2007,0.26,36,1,0,1,1
30868769,2,1993,-1.58,22,1,0,1,1
30868769,3,1995,-1.28,24,1,1,1,1
30868769,4,1997,-1.52,26,1,1,1,1
30868769,5,1999,-0.83,28,1,1,1,1
30868769,6,2001,-0.4,30,1,1,1,1
30868769,7,2003,-1.65,32,1,1,1,1
30868769,8,2005,-2.01,34,1,1,1,1
30868769,9,2007,-1.68,36,1,1,1,1
31128033,2,1993,0.3,22,0,0,0,1
31128033,3,1995,0.13,24,0,0,1,1
31128033,4,1997,-0.36,26,0,0,1,1
31128033,5,1999,-1.44,28,0,0,1,1
31128033,6,2001,-1.63,30,0,0,1,1
31128033,7,2003,-1.96,32,0,0,1,1
31128033,8,2005,-0.44,34,0,0,1,1
31128033,9,2007,-0.8,36,0,0,1,1
31424848,2,1993,-0.15,22,0,0,0,1
31424848,4,1997,-0.63,26,0,0,0,1
31424848,5,1999,-0.55,28,0,0,0,1
32169256,2,1993,-0.69,22,0,1,0,1
32169256,3,1995,-0.32,24,0,1,0,1
32169337,2,1993,-2.04,22,0,1,0,1
32169337,3,1995,-0.29,24,0,1,0,1
32640617,2,1993,0.99,22,1,0,1,1
32640617,3,1995,0.86,24,1,0,1,1
32640617,4,1997,1.4,26,1,0,0,1
32640617,5,1999,0.42,28,1,0,0,1
32640617,6,2001,0.4,30,1,0,1,1
32705689,2,1993,-1.69,22,1,0,1,1
32705689,3,1995,-2.41,24,1,0,1,1
32705689,4,1997,0.69,26,1,0,1,1
32705689,5,1999,-1.6,28,1,0,1,1
32705689,6,2001,-1.46,30,1,0,1,1
32705689,7,2003,-1.18,32,1,0,1,1
32705689,8,2005,-1.58,34,1,0,1,1
32705689,9,2007,-1.24,36,1,0,1,1
33567549,2,1993,1.65,22,1,0,1,1
33567549,3,1995,-0.47,24,1,0,1,1
34041648,2,1993,0.31,22,0,1,1,1
34041648,3,1995,-2.08,24,0,1,1,1
34041648,4,1997,-0.55,26,0,1,1,1
34041648,5,1999,0.15,28,0,1,1,1
34041648,6,2001,-1.8,30,0,1,1,1
34041648,7,2003,-2.51,32,0,1,1,1
34041648,8,2005,-2.08,34,0,1,1,1
34041648,9,2007,-2.53,36,0,1,1,1
34288716,2,1993,0.96,22,1,0,1,1
34288716,3,1995,0.86,24,1,0,1,1
34288716,4,1997,1.5,26,1,0,1,1
34288716,5,1999,0.96,28,1,0,1,1
34288716,6,2001,1.31,30,1,0,1,1
34288716,7,2003,1.08,32,1,0,1,1
34288716,8,2005,0.48,34,1,0,1,1
34288716,9,2007,0.8,36,1,0,1,1
36014028,2,1993,-0.09,22,1,1,1,1
36014028,3,1995,0.84,24,1,1,1,1
36014028,4,1997,0.67,26,1,1,1,1
36014028,5,1999,1,28,1,1,1,1
36014028,6,2001,1.78,30,1,1,1,1
36531537,2,1993,0.29,22,0,1,0,1
36531537,3,1995,0.22,24,0,1,0,1
36612359,2,1993,-0.65,22,0,0,1,1
36612359,3,1995,0.61,24,0,0,1,1
36612359,4,1997,2.27,26,0,0,1,1
36612359,5,1999,1.08,28,0,0,1,1
36612359,6,2001,2.01,30,0,0,1,1
36612359,7,2003,1.06,32,0,0,1,1
36612359,8,2005,0.92,34,0,0,1,1
36612359,9,2007,1,36,0,0,1,1
36845736,2,1993,-2.17,22,1,1,0,2
36845736,3,1995,-1.92,24,1,1,0,2
37092278,2,1993,-1.37,22,1,1,0,1
37092278,3,1995,-0.75,24,1,1,0,1
37092316,2,1993,-0.77,22,0,1,0,1
37092316,3,1995,0.43,24,0,1,0,1
37293869,2,1993,-0.22,22,1,0,1,3
37293869,3,1995,0.54,24,1,1,1,3
40182118,3,1995,0.27,24,0,0,1,1
40182118,4,1997,0.2,26,0,0,1,1
40182118,5,1999,0.58,28,0,0,1,1
40182118,6,2001,-0.29,30,0,0,1,1
40182118,7,2003,-1.39,32,0,0,1,1
40182118,8,2005,0.01,34,0,0,1,1
40182118,9,2007,-0.54,36,0,0,1,1
42371848,3,1995,0.64,24,1,0,1,1
42371848,4,1997,1.12,26,1,0,1,1
44228368,3,1995,0.26,24,0,1,1,1
44228368,4,1997,0.62,26,0,1,1,1
44228368,5,1999,0.22,28,0,1,1,1
44228368,6,2001,-0.35,30,0,1,1,1
44487606,3,1995,-1.17,24,0,0,1,1
44487606,4,1997,-0.64,26,0,0,1,1
44487606,5,1999,-0.83,28,0,0,1,1
44487606,6,2001,-1.06,30,0,0,1,1
44487606,7,2003,-0.91,32,0,0,1,1
44487606,8,2005,-1.21,34,0,0,1,1
44487606,9,2007,-0.83,36,0,0,1,1
46846727,3,1995,0.12,24,1,0,1,1
46846727,5,1999,-0.82,28,1,0,1,1
46846727,6,2001,-0.66,30,1,0,1,1
46846727,7,2003,-0.6,32,1,0,1,1
46846727,8,2005,-1.63,34,1,0,1,1
46846727,9,2007,-1.02,36,1,0,1,1
46907548,3,1995,1.59,24,1,0,1,1
46907548,4,1997,0.75,26,1,0,1,1
47321849,3,1995,0.28,24,1,1,1,1
47321849,4,1997,-1.37,26,1,1,0,1
47736607,3,1995,0.66,24,1,0,1,1
47736607,4,1997,0.81,26,1,0,1,1
47736607,5,1999,0.68,28,1,0,1,1
47736607,6,2001,1.17,30,1,0,1,1
47736607,7,2003,0.82,32,1,0,1,1
47736607,8,2005,0.71,34,1,0,1,1
47736607,9,2007,-0.37,36,1,0,1,1
52093069,3,1995,1.47,24,1,1,1,1
52093069,4,1997,0.38,26,1,1,1,1
52093069,5,1999,-0.19,28,1,1,1,1
52093069,6,2001,0.51,30,1,1,1,1
52093069,7,2003,-0.85,32,1,1,1,1
52093069,8,2005,-0.53,34,1,1,1,1
52093069,9,2007,-1.11,36,1,1,1,1
52579581,3,1995,-0.13,24,0,0,1,1
52579581,5,1999,-0.3,28,0,0,1,1
52579581,6,2001,-0.06,30,0,0,1,1
52579581,7,2003,-0.07,32,0,0,1,1
52579581,8,2005,-1.04,34,0,0,1,1
52579581,9,2007,-0.36,36,0,0,1,1
52997758,3,1995,-0.43,24,1,0,1,1
52997758,4,1997,-0.21,26,1,0,1,1
52997758,5,1999,-0.35,28,1,0,1,1
53282388,3,1995,0.48,24,1,0,1,1
53282388,4,1997,1.82,26,1,0,1,1
53282388,5,1999,0.87,28,1,0,1,1
53282388,6,2001,-0.65,30,1,0,1,1
53282388,7,2003,1.16,32,1,0,1,1
53282388,8,2005,1.16,34,1,0,1,1
53282388,9,2007,1.3,36,1,0,1,1
53980247,3,1995,0.22,24,0,0,1,1
53980247,4,1997,-0.78,26,0,1,1,1
53980247,5,1999,-0.59,28,0,1,1,1
53980247,6,2001,-0.71,30,0,1,1,1
53980247,8,2005,-1.44,34,0,1,1,1
53980247,9,2007,-1.92,36,0,1,1,2
54198216,3,1995,1.51,24,1,1,1,1
54198216,4,1997,0.47,26,1,1,1,1
54198216,5,1999,0.01,28,1,1,1,1
54198216,6,2001,-0.42,30,1,1,1,1
54198216,7,2003,-0.53,32,1,1,1,1
54198216,8,2005,-0.36,34,1,1,1,1
54474507,3,1995,0.44,24,0,0,1,1
54474507,4,1997,0.34,26,0,0,1,1
54474507,5,1999,0.82,28,0,0,1,1
54474507,6,2001,1.03,30,0,0,1,1
54474507,7,2003,-0.48,32,0,0,1,1
54474507,8,2005,0.05,34,0,0,1,1
54474507,9,2007,-0.03,36,0,0,1,1
55333079,3,1995,0.35,24,0,0,1,3
55333079,4,1997,0.17,26,0,0,1,3
55333079,5,1999,0.46,28,0,0,1,3
55333079,6,2001,0.7,30,0,0,1,3
56537204,3,1995,1.08,24,1,0,1,1
56537204,4,1997,0.33,26,1,0,1,1
56537204,5,1999,0.72,28,1,0,1,1
56537204,6,2001,0.26,30,1,0,0,1
56537204,7,2003,0.05,32,1,0,0,1
56537204,8,2005,-0.29,34,1,0,0,1
56537204,9,2007,-0.77,36,1,0,0,1
57375259,3,1995,-1.03,24,1,0,1,1
57375259,4,1997,-1.62,26,1,0,1,1
57375259,5,1999,-0.52,28,1,0,1,1
57375259,6,2001,-1.68,30,1,0,1,1
57375259,7,2003,-0.51,32,1,0,1,1
57375259,8,2005,-1.01,34,1,0,1,1
57375259,9,2007,-0.82,36,1,0,1,1
57439788,4,1997,0,26,1,1,1,1
57439788,5,1999,1.03,28,1,1,1,1
57476888,3,1995,-1.72,24,0,0,1,1
57476888,4,1997,-2.13,26,0,0,1,1
57476888,5,1999,-0.67,28,0,0,1,1
57476888,8,2005,-1.53,34,0,0,1,1
57476888,9,2007,-1.95,36,0,0,1,1
57536589,3,1995,0.16,24,1,0,1,1
57536589,6,2001,-0.79,30,1,0,1,1
57547688,3,1995,0.39,24,0,0,1,1
57547688,4,1997,1,26,0,0,1,1
57547688,6,2001,0.52,30,0,0,1,1
57547688,7,2003,1.06,32,0,0,1,1
57547688,8,2005,0.19,34,0,0,1,1
57547688,9,2007,0.8,36,0,0,1,1
60957077,4,1997,-1.06,26,0,0,1,1
60957077,5,1999,0.33,28,0,0,1,1
60957077,8,2005,0.13,34,0,0,1,1
60957077,9,2007,1.03,36,0,0,1,1
61607215,4,1997,-0.29,26,0,0,1,1
61607215,5,1999,0.34,28,0,0,1,1
61607215,7,2003,-0.68,32,0,0,1,1
61607215,8,2005,-0.87,34,0,0,1,1
61607215,9,2007,-0.6,36,0,0,1,1
63196719,4,1997,0.11,26,0,0,1,1
63196719,5,1999,0.03,28,0,0,1,1
64529789,4,1997,-0.38,26,1,0,1,1
64529789,5,1999,0.04,28,1,0,1,1
64529789,6,2001,0.69,30,1,0,1,1
64529789,8,2005,-0.35,34,1,0,1,1
64529789,9,2007,-0.36,36,1,0,1,1
66202183,4,1997,-0.72,26,1,1,1,1
66202183,5,1999,-1.43,28,1,1,1,1
66289378,4,1997,0.5,26,1,1,1,1
66289378,5,1999,-0.18,28,1,1,1,1
66289378,6,2001,0.13,30,1,1,1,1
67702376,4,1997,-0.5,26,0,1,0,3
67702376,5,1999,-0.17,28,0,1,0,3
67708978,4,1997,0.1,26,1,1,1,3
67708978,5,1999,-0.12,28,1,1,1,3
67708978,6,2001,1.47,30,1,1,1,3
67708978,7,2003,1.1,32,1,1,1,3
68162898,4,1997,-1.01,26,1,0,1,1
68162898,5,1999,-1.03,28,1,0,1,1
68162898,7,2003,-0.46,32,1,0,1,1
68602472,4,1997,-0.46,26,1,0,0,1
68602472,5,1999,-3.26,28,1,0,1,1
68602472,6,2001,-3.87,30,1,0,1,1
68602472,7,2003,-2.21,32,1,0,1,1
68602472,9,2007,-2.83,36,1,0,1,1
68878893,4,1997,0.28,26,0,0,1,1
68878893,5,1999,0.12,28,0,0,1,1
68878893,6,2001,0.95,30,0,0,1,1
68878893,7,2003,0.48,32,0,0,1,1
68878893,8,2005,0.34,34,0,0,1,1
70751498,4,1997,0.61,26,0,0,0,1
70751498,5,1999,0.21,28,0,0,1,1
70751498,6,2001,0.89,30,0,0,1,1
70751498,7,2003,1,32,0,0,1,1
70751498,8,2005,0.29,34,0,0,1,1
70751498,9,2007,0.72,36,0,0,1,1
73147516,4,1997,3.12,26,0,0,1,1
73147516,5,1999,-0.02,28,0,0,1,1
73667579,4,1997,0.34,26,1,0,1,1
73667579,5,1999,0.08,28,1,0,1,1
73667579,6,2001,-0.04,30,1,0,1,1
73667579,7,2003,0.04,32,1,0,1,1
73667579,8,2005,-0.22,34,1,0,1,1
73667579,9,2007,-0.12,36,1,0,1,1
75193469,4,1997,0.02,26,1,1,1,1
75193469,5,1999,-0.99,28,1,1,1,1
75193469,6,2001,-1.6,30,1,1,1,1
75193469,7,2003,-0.64,32,1,1,1,1
76337316,4,1997,0.48,26,0,0,1,1
76337316,5,1999,0.16,28,0,0,1,1
76337316,6,2001,-0.84,30,0,0,1,1
76337316,7,2003,-0.1,32,0,0,1,1
76337316,8,2005,-1.06,34,0,0,1,1
76337316,9,2007,-1,36,0,0,1,1
76975398,4,1997,-1.69,26,1,0,1,1
76975398,5,1999,-0.35,28,1,0,1,1
76975398,6,2001,-2.23,30,1,0,1,1
76975398,7,2003,-2.44,32,1,0,1,1
76975398,8,2005,-0.89,34,1,0,1,1
76975398,9,2007,-2.08,36,1,0,1,1
77535138,4,1997,0.85,26,0,0,0,1
77535138,5,1999,0.11,28,0,0,1,1
77556216,4,1997,0.57,26,0,0,1,1
77556216,5,1999,0.13,28,0,0,1,1
77556216,6,2001,1,30,0,0,1,1
77556216,7,2003,-0.79,32,0,0,1,1
77576926,4,1997,-0.4,26,1,0,1,1
77576926,5,1999,-0.04,28,1,0,1,1
77576926,6,2001,-0.28,30,1,0,1,1
77576926,7,2003,-0.85,32,1,0,1,1
77576926,8,2005,-0.52,34,1,0,0,1
77576926,9,2007,-0.1,36,1,0,1,3
78004349,4,1997,0.25,26,1,0,1,1
78004349,5,1999,0.7,28,1,0,1,1
78004349,6,2001,-0.26,30,1,0,1,1
78079969,4,1997,1.04,26,1,0,0,1
78079969,6,2001,0.74,30,1,0,0,1
78128137,4,1997,-0.75,26,0,1,0,1
78128137,5,1999,-0.99,28,0,1,1,1
78128137,6,2001,-0.73,30,0,1,1,1
78138175,4,1997,-0.51,26,0,0,0,1
78138175,5,1999,-1.53,28,0,0,0,1
78138175,6,2001,-3.18,30,0,0,0,1
78160391,4,1997,1.04,26,1,0,1,1
78160391,5,1999,1.44,28,1,0,1,1
78160391,6,2001,1.07,30,1,1,1,1
78219698,4,1997,0.15,26,0,0,0,2
78219698,5,1999,-0.19,28,0,0,1,2
78219698,6,2001,0.23,30,0,0,1,2
78573599,4,1997,0.12,26,1,0,1,1
78573599,5,1999,-0.17,28,1,0,0,1
78573599,6,2001,-0.5,30,1,0,1,1
78616948,4,1997,0.09,26,1,0,1,1
78616948,5,1999,-0.98,28,1,0,1,1
78616948,6,2001,-1.26,30,1,0,1,1
78617499,4,1997,-2,26,1,0,1,1
78617499,5,1999,-0.62,28,1,0,1,1
78617499,6,2001,0.22,30,1,0,1,1
78638089,4,1997,0.33,26,0,0,1,1
78638089,5,1999,-0.78,28,0,0,1,1
78638089,6,2001,-0.35,30,0,0,1,1
78642817,4,1997,0.24,26,0,0,0,1
78642817,5,1999,0.74,28,0,0,0,1
78642817,6,2001,-0.62,30,0,0,1,1
78658799,4,1997,-0.44,26,1,0,1,1
78658799,5,1999,-0.3,28,1,0,1,1
78658799,6,2001,-0.89,30,1,0,1,1
78662958,5,1999,0.01,28,0,0,1,1
78662958,6,2001,0.11,30,0,0,1,1
78753899,4,1997,-0.02,26,1,0,0,1
78753899,5,1999,1.16,28,1,0,0,1
78753899,6,2001,0.45,30,1,0,0,1
78773547,4,1997,-1.36,26,0,0,1,3
78773547,5,1999,-1.12,28,0,0,1,3
78773547,6,2001,-0.31,30,0,0,1,3
78773598,4,1997,1.2,26,1,0,1,3
78773598,5,1999,-0.64,28,1,0,1,3
78773598,6,2001,-0.63,30,1,0,1,3
78787327,4,1997,1.03,26,0,0,0,3
78787327,5,1999,0.87,28,0,0,0,3
78787327,6,2001,0.68,30,0,0,0,3
80847099,5,1999,0.38,28,0,0,1,1
80847099,6,2001,1.56,30,0,0,1,1
80847099,7,2003,0.48,32,0,0,1,1
80847099,8,2005,-0.27,34,0,0,1,1
80847099,9,2007,-0.74,36,0,0,1,1
83780238,5,1999,0.38,28,1,0,1,3
83780238,6,2001,0.24,30,1,0,1,3
83780238,7,2003,0.07,32,1,0,1,3
83780238,8,2005,0.26,34,1,0,1,3
85245747,5,1999,0.24,28,1,0,1,1
85245747,6,2001,1.11,30,1,0,1,1
85245747,7,2003,0.02,32,1,0,1,1
85245747,8,2005,-0.35,34,1,0,1,1
85245747,9,2007,0.38,36,1,0,1,1
85672726,5,1999,0.88,28,1,0,1,1
85672726,6,2001,-0.13,30,1,0,1,1
85672726,7,2003,0.24,32,1,0,1,1
85672726,8,2005,-0.32,34,1,0,1,1
85672726,9,2007,0.39,36,1,0,1,1
85746258,5,1999,1,28,1,1,1,1
85746258,6,2001,1.27,30,1,1,1,1
85746258,7,2003,-0.23,32,1,1,1,1
85746258,8,2005,-0.85,34,1,1,1,1
85746258,9,2007,-0.74,36,1,1,1,1
85946788,5,1999,0.08,28,1,0,1,1
85946788,6,2001,0.18,30,1,0,1,1
85946788,7,2003,-0.61,32,1,0,1,1
85946788,8,2005,0.26,34,1,0,1,1
87947838,5,1999,-1.07,28,1,0,1,1
87947838,6,2001,-1.04,30,1,0,1,1
92295444,5,1999,-0.3,28,1,1,1,3
92295444,6,2001,0.53,30,1,1,1,3
92295444,7,2003,0.1,32,1,1,1,3
92295444,8,2005,-0.86,34,1,1,1,3
92295444,9,2007,0.01,36,1,1,1,3
92507417,5,1999,1.46,28,0,1,1,1
92507417,6,2001,0.93,30,0,1,1,1
92507417,7,2003,0.64,32,0,1,1,1
92507417,8,2005,0.31,34,0,1,1,1
92507417,9,2007,0.73,36,0,1,1,1
93717288,6,2001,1.52,30,1,0,1,1
93717288,7,2003,0.77,32,1,0,1,1
93717288,8,2005,1.17,34,1,0,1,1
93717288,9,2007,0.69,36,1,0,1,1
94322368,5,1999,0.85,28,0,0,1,3
94322368,6,2001,2.21,30,0,0,1,3
94556091,5,1999,1.44,28,0,0,1,2
94556091,6,2001,2.4,30,0,1,1,2
94556091,9,2007,2.06,36,0,1,1,2
94591598,5,1999,0.35,28,1,0,0,2
94591598,6,2001,1.16,30,1,0,0,2
94591598,7,2003,0.09,32,1,0,0,2
94591598,8,2005,0.29,34,1,0,1,2
94758417,5,1999,0.06,28,0,1,1,2
94758417,6,2001,0.06,30,0,1,1,2
94758417,7,2003,0.47,32,0,1,1,2
94758417,8,2005,-0.15,34,0,1,1,2
94758417,9,2007,0.11,36,0,1,1,2
94769958,5,1999,-0.79,28,1,0,1,2
94769958,6,2001,-0.61,30,1,0,1,2
94769958,7,2003,0.58,32,1,1,1,2
94769974,5,1999,-1.16,28,0,1,1,2
94769974,6,2001,-0.55,30,0,1,1,2
94769974,7,2003,0.06,32,0,1,1,2
94781559,5,1999,-0.04,28,0,0,0,2
94781559,8,2005,-0.34,34,0,0,1,2
94781559,9,2007,-0.63,36,0,0,1,2
94860785,5,1999,1.44,28,1,0,0,2
94860785,6,2001,1.67,30,1,0,0,2
94860785,7,2003,2.05,32,1,0,0,2
94860785,8,2005,1.93,34,1,0,0,2
94860785,9,2007,2.79,36,1,0,0,2
95024379,5,1999,-1.95,28,0,0,1,2
95024379,6,2001,0.09,30,0,0,1,2
95024379,7,2003,-0.54,32,0,0,1,2
95024379,8,2005,0.24,34,0,0,1,2
95024379,9,2007,-0.54,36,0,0,1,2
95213465,5,1999,-0.65,28,0,0,1,2
95213465,6,2001,-0.54,30,0,0,1,2
95213465,7,2003,-0.35,32,0,0,1,2
95213465,8,2005,-0.54,34,0,0,1,2
95213465,9,2007,-0.52,36,0,0,1,2
95226664,5,1999,1.17,28,1,0,1,2
95226664,6,2001,0.86,30,1,0,1,2
95226664,7,2003,0.65,32,1,0,1,2
95226664,8,2005,0.36,34,1,0,1,2
95226664,9,2007,0.89,36,1,0,1,2
95243178,6,2001,0.12,30,0,0,1,2
95243178,7,2003,-0.36,32,0,0,1,2
95243178,8,2005,0.88,34,0,0,1,2
95293574,5,1999,0.99,28,1,0,0,2
95293574,6,2001,0.45,30,1,0,0,2
95300171,5,1999,-0.62,28,1,0,0,2
95300171,6,2001,-0.81,30,1,0,0,2
95300171,7,2003,-1.79,32,1,0,1,2
95300171,8,2005,-1.52,34,1,0,1,2
95300171,9,2007,-1.42,36,1,0,1,2
95386904,5,1999,0.13,28,1,0,1,2
95386904,6,2001,0.12,30,1,0,1,2
95446354,5,1999,-1.18,28,0,0,1,2
95446354,6,2001,-0.4,30,0,0,1,2
95446354,7,2003,-0.85,32,0,0,1,2
95446354,8,2005,-1,34,0,0,1,2
95446354,9,2007,-1.91,36,0,0,1,2
95458751,5,1999,-1.22,28,1,0,1,2
95458751,6,2001,-0.44,30,1,0,1,2
95458751,7,2003,-0.35,32,1,0,1,2
95458751,8,2005,-0.15,34,1,0,1,2
95458751,9,2007,-0.72,36,1,0,1,2
95470328,5,1999,1.64,28,0,0,1,2
95470328,6,2001,1.07,30,0,0,1,2
95470328,7,2003,0.75,32,0,0,1,2
95475281,5,1999,0.09,28,1,0,1,2
95475281,6,2001,-0.41,30,1,0,1,2
95475281,7,2003,-1.11,32,1,0,1,2
95475281,8,2005,-0.33,34,1,0,1,2
95475281,9,2007,0.09,36,1,0,1,2
95476938,5,1999,-0.08,28,1,0,1,2
95476938,6,2001,-0.17,30,1,0,1,2
95476938,7,2003,-0.5,32,1,0,1,2
95476938,8,2005,-0.35,34,1,0,1,2
95476938,9,2007,-0.17,36,1,0,1,2
95477764,5,1999,0.48,28,1,0,1,2
95477764,7,2003,0.14,32,1,0,0,2
95477764,8,2005,-0.61,34,1,0,0,2
95477764,9,2007,0.22,36,1,0,1,2
95683348,5,1999,-0.85,28,1,0,1,2
95683348,6,2001,-0.4,30,1,0,1,2
95683348,7,2003,0.38,32,1,0,1,2
95683348,8,2005,0.58,34,1,0,1,2
95683348,9,2007,-0.14,36,1,0,1,2
95848584,5,1999,-0.38,28,0,1,1,2
95848584,6,2001,-1.29,30,0,1,1,2
95848584,7,2003,-0.78,32,0,1,1,2
95848584,8,2005,-1.27,34,0,1,1,2
95848584,9,2007,-1.1,36,0,1,1,2
95851038,5,1999,-0.66,28,1,0,1,2
95851038,6,2001,0.25,30,1,0,1,2
95851038,7,2003,-0.59,32,1,0,0,2
95851038,8,2005,-0.58,34,1,0,0,2
95851038,9,2007,-1.99,36,1,0,0,2
96109599,5,1999,1.08,28,0,0,1,2
96109599,6,2001,0.61,30,0,0,1,2
96109599,7,2003,1.17,32,0,0,1,2
96109599,8,2005,0.32,34,0,0,1,2
96109599,9,2007,0.12,36,0,0,1,2
96154179,5,1999,1.03,28,1,0,1,2
96154179,6,2001,0.38,30,1,0,1,2
96154179,7,2003,0.04,32,1,0,1,2
96154179,8,2005,0.38,34,1,0,1,2
96154179,9,2007,-0.02,36,1,0,1,2
96163216,5,1999,0.52,28,1,1,1,2
96163216,6,2001,0.19,30,1,1,1,2
96163216,7,2003,0.43,32,1,1,1,2
96163216,8,2005,0.77,34,1,1,1,2
96163216,9,2007,0.45,36,1,1,1,2
96179732,5,1999,0.6,28,1,0,1,2
96179732,6,2001,-0.05,30,1,0,1,2
96179732,7,2003,-0.18,32,1,0,1,2
96179732,8,2005,0.61,34,1,0,1,2
96179732,9,2007,1.18,36,1,0,1,2
96179759,6,2001,-1.21,30,0,0,1,2
96179759,7,2003,-1.14,32,0,0,1,2
96179759,8,2005,-0.3,34,0,0,1,2
96179759,9,2007,-0.14,36,0,0,1,2
96243333,5,1999,0.22,28,1,0,1,2
96243333,6,2001,0.14,30,1,0,1,2
96243333,7,2003,1.08,32,1,0,1,2
96243333,8,2005,0.93,34,1,0,1,2
96243333,9,2007,0.47,36,1,0,1,2
96251603,5,1999,-0.43,28,1,1,0,2
96251603,6,2001,-1.26,30,1,1,0,2
96251603,7,2003,0.12,32,1,1,0,2
96251603,8,2005,0.38,34,1,1,0,2
96251603,9,2007,-1.5,36,1,1,0,2
96276398,5,1999,-1.09,28,1,0,1,2
96276398,7,2003,0.76,32,1,0,1,2
96276398,8,2005,0.35,34,1,0,1,2
96276398,9,2007,0.39,36,1,0,1,2
96291249,5,1999,1.36,28,1,1,1,2
96291249,6,2001,1.15,30,1,1,1,2
96291249,7,2003,0.72,32,1,1,1,2
96291249,8,2005,0.92,34,1,1,1,2
96291249,9,2007,0.91,36,1,1,1,2
96324295,5,1999,1.33,28,0,0,1,2
96324295,7,2003,1.14,32,0,0,0,2
96324295,8,2005,0.58,34,0,0,0,2
96324295,9,2007,1.16,36,0,0,0,2
96365579,5,1999,-0.87,28,0,1,1,2
96365579,6,2001,-1.13,30,0,1,1,2
96424206,5,1999,-0.41,28,1,0,1,2
96424206,6,2001,-1.37,30,1,0,1,2
96424206,7,2003,-1.04,32,1,0,1,2
96424206,8,2005,-0.35,34,1,0,1,2
96424206,9,2007,-1.05,36,1,0,1,2
96476249,5,1999,0.88,28,1,0,1,2
96476249,6,2001,-0.25,30,1,0,1,2
96476249,7,2003,0.26,32,1,0,1,2
96476249,8,2005,0.36,34,1,0,1,2
96549734,5,1999,0.98,28,1,1,1,3
96549734,6,2001,0.7,30,1,1,1,3
96549734,7,2003,1.73,32,1,1,1,3
96549734,8,2005,0.23,34,1,1,1,3
96549734,9,2007,0.12,36,1,1,1,3
96648023,5,1999,1.05,28,1,0,1,3
96648023,6,2001,1.75,30,1,0,1,3
96703407,5,1999,-1.31,28,0,0,1,3
96703407,6,2001,-0.43,30,0,0,1,3
96703407,7,2003,0.06,32,0,0,1,3
96703407,8,2005,-1.09,34,0,0,1,3
96703407,9,2007,-1.71,36,0,0,1,3
96733918,5,1999,-0.01,28,1,0,1,3
96733918,6,2001,-0.32,30,1,0,1,3
96733918,7,2003,-0.34,32,1,0,1,3
96733918,8,2005,-2.14,34,1,0,1,3
96733918,9,2007,-0.64,36,1,0,1,3
96746289,5,1999,0.91,28,0,0,1,3
96746289,6,2001,1.14,30,0,0,1,3
96746289,7,2003,0.35,32,0,0,0,3
96746289,8,2005,0.39,34,0,0,0,3
96791985,6,2001,1.03,30,1,0,0,3
96791985,7,2003,-0.08,32,1,0,0,3
96801654,5,1999,-0.61,28,0,0,1,3
96801654,8,2005,-0.24,34,0,0,1,3
96801654,9,2007,-0.2,36,0,0,1,3
96802707,5,1999,0.41,28,0,0,0,3
96802707,6,2001,0.42,30,0,0,1,3
96802707,7,2003,1.08,32,0,0,1,3
96802707,8,2005,-0.1,34,0,0,1,3
96802707,9,2007,1.33,36,0,0,1,3
96860278,5,1999,-0.91,28,1,0,1,3
96860278,6,2001,-1.31,30,1,0,1,3
96860278,7,2003,-1.36,32,1,0,1,3
96860278,8,2005,-0.6,34,1,0,1,3
96860278,9,2007,0.23,36,1,0,1,3
96871849,5,1999,-0.55,28,1,0,1,3
96871849,6,2001,-0.04,30,1,0,1,3
96871849,7,2003,-1.09,32,1,0,1,3
96890533,5,1999,-0.13,28,1,0,1,3
96890533,6,2001,-0.31,30,1,0,1,3
96890533,7,2003,0.31,32,1,0,1,3
96890533,8,2005,0.13,34,1,0,1,3
96890533,9,2007,0.49,36,1,0,0,3
97074179,5,1999,1.08,28,1,0,0,3
97074179,6,2001,1.62,30,1,0,0,3
97074179,7,2003,0.96,32,1,0,0,3
97074179,8,2005,1.08,34,1,0,0,3
97122084,5,1999,-0.62,28,0,0,1,3
97122084,6,2001,-0.82,30,0,0,1,3
97122084,7,2003,0.1,32,0,0,1,3
97122084,8,2005,-0.54,34,0,0,1,3
97208507,5,1999,1.86,28,1,1,0,3
97208507,6,2001,1.17,30,1,1,0,3
97208507,7,2003,0.34,32,1,1,1,3
97208507,9,2007,-0.32,36,1,1,1,3
97208523,5,1999,0.61,28,0,1,0,3
97208523,6,2001,1.72,30,0,1,0,3
97208523,7,2003,1.71,32,0,1,0,3
97213454,5,1999,-0.86,28,1,0,0,3
97213454,6,2001,-0.07,30,1,0,1,3
97213454,7,2003,-0.91,32,1,0,1,3
97213454,8,2005,-0.97,34,1,0,1,3
97213454,9,2007,-0.54,36,1,0,1,3
97216194,5,1999,0.96,28,0,1,1,3
97216194,8,2005,-0.27,34,0,1,1,3
97216194,9,2007,-0.59,36,0,1,1,3
97216216,5,1999,-0.07,28,1,1,1,3
97216216,6,2001,0.23,30,1,1,1,3
97216216,8,2005,1.51,34,1,1,1,3
97216216,9,2007,0.66,36,1,1,1,3
97226106,5,1999,0.85,28,0,0,1,3
97226106,6,2001,0.16,30,0,0,1,3
97266574,5,1999,0.09,28,0,0,1,3
97266574,6,2001,-0.71,30,0,0,1,3
97266574,7,2003,-1.31,32,0,0,1,3
97266574,8,2005,-0.21,34,0,0,1,3
97266574,9,2007,0.15,36,0,0,1,3
97274844,5,1999,0.17,28,1,0,1,3
97274844,6,2001,-0.32,30,1,0,1,3
97274844,7,2003,0.47,32,1,0,1,3
97274844,8,2005,1.44,34,1,1,1,3
97274844,9,2007,1.38,36,1,1,1,3
97314595,5,1999,0.52,28,0,0,0,3
97314595,6,2001,0.42,30,0,0,0,3
97314595,7,2003,0.97,32,0,0,0,3
97314595,8,2005,1.09,34,0,0,0,3
97314595,9,2007,0.73,36,0,0,0,3
97406155,5,1999,0.55,28,1,1,1,3
97406155,6,2001,0.66,30,1,1,1,3
97406155,7,2003,0.02,32,1,1,1,3
97406155,8,2005,-1.21,34,1,1,1,3
97406155,9,2007,1,36,1,1,1,3
97599433,5,1999,0.8,28,1,0,1,3
97599433,6,2001,0.22,30,1,0,1,3
97599433,7,2003,0.56,32,1,0,1,3
97599433,8,2005,1.1,34,1,0,1,3
97619248,5,1999,-2.91,28,0,0,1,3
97619248,6,2001,-0.63,30,0,0,1,3
97619248,7,2003,-0.63,32,0,0,1,3
97619248,8,2005,-0.38,34,0,0,1,3
97619248,9,2007,-0.93,36,0,0,1,3
97645664,5,1999,-2.11,28,1,0,1,3
97645664,6,2001,-0.43,30,1,0,1,3
97645664,7,2003,0.22,32,1,0,1,3
97645664,8,2005,0,34,1,0,0,3
97645664,9,2007,-0.09,36,1,0,1,3
97666289,5,1999,-0.13,28,0,0,1,3
97666289,6,2001,0.56,30,0,0,1,3
97679518,5,1999,0.93,28,0,1,1,3
97679518,6,2001,-0.02,30,0,1,0,3
97685291,5,1999,-0.52,28,1,1,1,3
97685291,6,2001,-1.04,30,1,1,1,3
97685291,7,2003,-0.86,32,1,1,0,3
97685291,8,2005,-1.02,34,1,1,1,3
97685291,9,2007,-0.66,36,1,1,0,3
97699349,5,1999,1.07,28,1,0,0,3
97699349,6,2001,1.07,30,1,0,0,3
97699349,7,2003,1.28,32,1,0,1,3
97699349,8,2005,1.42,34,1,0,0,3
97699349,9,2007,0.85,36,1,0,0,3
97711691,5,1999,-0.05,28,1,0,0,3
97711691,6,2001,-0.18,30,1,0,0,3
97711691,7,2003,2,32,1,0,0,3
97711691,8,2005,1.32,34,1,0,0,3
97711691,9,2007,1.21,36,1,0,0,3
97744778,5,1999,0.55,28,1,0,1,3
97744778,6,2001,0.35,30,1,0,1,3
97744778,7,2003,-0.69,32,1,0,1,3
97744778,8,2005,-0.45,34,1,0,1,3
97809217,5,1999,-1.12,28,1,1,1,3
97809217,6,2001,0.22,30,1,1,1,3
97809217,7,2003,-0.97,32,1,1,1,3
98073451,5,1999,0.89,28,1,1,1,3
98073451,6,2001,-0.63,30,1,1,1,3
98073451,7,2003,1.64,32,1,1,1,3
98073451,8,2005,0.06,34,1,1,1,3
98127985,5,1999,-0.03,28,0,1,1,3
98127985,6,2001,0.43,30,0,1,1,3
98183338,5,1999,-0.38,28,0,0,0,3
98183338,6,2001,-0.29,30,0,0,0,3
98183338,7,2003,-0.71,32,0,0,0,3
98183338,8,2005,-0.53,34,0,0,0,3
98183338,9,2007,-0.53,36,0,0,0,3
98196529,6,2001,-0.56,30,0,0,1,3
98196529,7,2003,-0.57,32,0,0,1,3
98196529,8,2005,-1.48,34,0,0,0,3
98196529,9,2007,-1.09,36,0,0,0,3
98203959,5,1999,-1.35,28,0,0,0,3
98203959,8,2005,0.22,34,0,0,1,3
98266713,5,1999,-0.11,28,0,0,0,3
98266713,6,2001,0.03,30,0,0,0,3
98266713,7,2003,-0.52,32,0,0,0,3
98266713,9,2007,-0.04,36,0,0,0,3
98289039,5,1999,-0.47,28,1,0,1,3
98289039,6,2001,-1.29,30,1,0,1,3
98289055,5,1999,-0.5,28,0,0,1,3
98289055,6,2001,-0.84,30,0,0,1,3
98327844,5,1999,0.29,28,0,1,1,3
98327844,6,2001,0.23,30,0,1,1,3
98327844,7,2003,-0.28,32,0,1,1,3
98327844,8,2005,-0.62,34,0,1,1,3
98327844,9,2007,-0.62,36,0,1,1,3
98362488,5,1999,-0.15,28,1,0,0,3
98362488,6,2001,0.52,30,1,0,0,3
98362488,7,2003,1.1,32,1,0,0,3
98362488,8,2005,1.24,34,1,0,1,3
98362488,9,2007,-0.66,36,1,0,1,1
98391429,5,1999,0.09,28,1,0,1,3
98391429,6,2001,-0.05,30,1,0,1,3
98391429,7,2003,0.88,32,1,0,1,3
98391429,8,2005,1.99,34,1,0,1,3
98391429,9,2007,0.83,36,1,0,1,3
98398024,5,1999,0.08,28,1,0,0,3
98398024,6,2001,0.1,30,1,0,1,3
98398024,7,2003,0.16,32,1,0,1,3
98398024,8,2005,1.17,34,1,0,1,3
98398024,9,2007,1.44,36,1,0,0,3
98459961,5,1999,-0.44,28,0,1,0,3
98459961,6,2001,0.72,30,0,1,0,3
98459961,7,2003,-0.04,32,0,1,0,3
98459961,8,2005,0.22,34,0,1,0,3
98459961,9,2007,0.74,36,0,1,0,3
98468235,5,1999,-1.3,28,0,0,0,3
98468235,6,2001,-0.66,30,0,0,1,3
98468235,7,2003,-0.89,32,0,0,1,3
98468235,8,2005,-0.81,34,0,0,1,3
98468235,9,2007,-0.33,36,0,0,1,3
98525204,5,1999,0.93,28,1,0,1,3
98525204,6,2001,1.5,30,1,0,1,3
98525204,7,2003,2.04,32,1,0,1,3
98525204,8,2005,0.39,34,1,0,1,3
98525204,9,2007,1.96,36,1,0,1,3
101702116,6,2001,1.1,30,1,0,1,3
101702116,7,2003,0.08,32,1,0,1,3
101702116,8,2005,0.44,34,1,0,1,3
101702116,9,2007,-0.63,36,1,0,1,3
103348654,6,2001,0.54,30,0,1,1,1
103348654,7,2003,1.73,32,0,1,1,1
103772359,8,2005,-0.17,34,0,0,1,1
103772359,9,2007,1.41,36,0,0,1,1
105330981,6,2001,-0.02,30,0,0,1,2
105330981,7,2003,0.11,32,0,0,1,2
105959413,6,2001,-0.4,30,0,0,1,2
105959413,7,2003,0.11,32,0,0,1,2
105959413,8,2005,-0.55,34,0,0,1,2
105959413,9,2007,-1.19,36,0,0,1,2
106122444,6,2001,0.92,30,0,0,1,2
106122444,7,2003,0.14,32,0,0,0,2
106122444,8,2005,0.27,34,0,0,1,2
106122444,9,2007,-0.03,36,0,0,1,2
107000865,6,2001,0.08,30,1,1,1,3
107000865,7,2003,0.07,32,1,1,1,3
107000865,8,2005,0.73,34,1,1,1,3
107000865,9,2007,0.48,36,1,1,1,3
107191075,6,2001,-0.06,30,1,1,1,3
107191075,8,2005,-1.4,34,1,1,0,3
107191075,9,2007,-1.24,36,1,1,1,3
107320479,6,2001,-0.71,30,0,0,0,3
107320479,7,2003,-0.12,32,0,0,0,3
107320479,8,2005,-0.73,34,0,0,0,3
107320479,9,2007,-1.8,36,0,0,0,3
111430194,6,2001,0.08,30,1,1,1,2
111430194,7,2003,0.48,32,1,1,1,2
111430194,8,2005,0.6,34,1,1,1,2
111430194,9,2007,-0.81,36,1,1,1,2
112549551,7,2003,-0.06,32,0,0,1,1
112549551,8,2005,1.11,34,0,0,1,1
112549551,9,2007,0.07,36,0,0,1,1
113337698,6,2001,-0.52,30,1,0,1,3
113337698,7,2003,-0.6,32,1,0,1,3
113337698,8,2005,-1.09,34,1,0,1,3
113337698,9,2007,0.27,36,1,0,1,3
113430191,6,2001,0.84,30,0,0,1,1
113430191,7,2003,1.01,32,0,0,1,1
113430191,8,2005,0.66,34,0,0,1,1
113430191,9,2007,0.13,36,0,0,1,1
113514689,6,2001,-0.46,30,0,0,0,3
113514689,7,2003,-0.07,32,0,0,1,3
113613806,8,2005,0.31,34,0,0,1,1
113613806,9,2007,0.05,36,0,0,1,1
118509691,6,2001,-2,30,1,1,1,4
118509691,7,2003,-0.68,32,1,1,1,4
118509691,8,2005,-0.39,34,1,1,1,4
118545744,6,2001,-2.12,30,0,1,1,4
118545744,7,2003,-1.45,32,0,1,1,4
118545744,8,2005,-2.22,34,0,1,1,4
118545744,9,2007,-1.58,36,0,1,1,4
118572199,6,2001,-0.77,30,1,0,1,4
118572199,7,2003,-0.91,32,1,0,1,4
118575198,6,2001,-1.48,30,1,0,0,4
118575198,7,2003,-1.18,32,1,0,1,4
118575198,8,2005,-1.25,34,1,0,1,4
118575198,9,2007,-1.68,36,1,0,1,4
118601938,6,2001,-0.48,30,1,0,1,4
118601938,7,2003,-1.01,32,1,0,1,4
118601938,8,2005,-1.41,34,1,0,1,4
118601938,9,2007,-0.24,36,1,0,1,4
118607219,6,2001,2.3,30,1,1,0,4
118607219,7,2003,0.38,32,1,1,1,4
118607219,8,2005,-0.73,34,1,1,1,4
118607219,9,2007,0.8,36,1,1,1,4
118613448,6,2001,-0.67,30,1,0,0,4
118613448,7,2003,-0.46,32,1,0,0,4
118613448,8,2005,0.99,34,1,0,0,4
118613448,9,2007,1.94,36,1,0,1,4
118625306,6,2001,-0.05,30,0,0,1,4
118625306,7,2003,0.24,32,0,0,1,4
118625306,8,2005,-1.53,34,0,0,1,4
118625306,9,2007,-2.39,36,0,0,1,4
118636332,7,2003,0.22,32,0,0,0,4
118636332,8,2005,0.5,34,0,0,0,4
118636332,9,2007,0.7,36,0,0,0,4
118638238,6,2001,-2.91,30,1,0,1,4
118638238,7,2003,-1.02,32,1,0,1,4
118638238,8,2005,-3.71,34,1,0,1,4
118638238,9,2007,-2.53,36,1,0,1,4
118640151,6,2001,-1.68,30,0,0,0,4
118640151,7,2003,-1.46,32,0,0,0,4
118640151,9,2007,-2.34,36,0,0,0,4
118723316,8,2005,-0.12,34,1,0,1,4
118723316,9,2007,0.51,36,1,0,1,4
118740679,6,2001,1.93,30,1,1,1,4
118740679,7,2003,1.9,32,1,1,1,4
118740679,8,2005,1.83,34,1,1,1,4
118745328,6,2001,-1.48,30,0,0,1,4
118745328,7,2003,-1.17,32,0,0,1,4
118745328,9,2007,-1.82,36,0,0,1,4
118750828,6,2001,0.16,30,1,0,1,4
118750828,7,2003,0.97,32,1,0,1,4
118750828,8,2005,0.27,34,1,0,1,4
118750828,9,2007,0.15,36,1,0,1,4
118772023,6,2001,-0.37,30,1,0,1,4
118772023,7,2003,-2.08,32,1,0,1,4
118772023,8,2005,1.32,34,1,0,1,4
118772023,9,2007,-0.16,36,1,0,1,4
118791281,6,2001,0.34,30,1,0,0,4
118791281,7,2003,0.17,32,1,0,0,4
118791281,8,2005,0.3,34,1,0,1,4
118791281,9,2007,0.13,36,1,0,1,4
118798219,6,2001,0.18,30,1,0,1,4
118798219,7,2003,0.1,32,1,0,1,4
118798219,8,2005,0.41,34,1,0,1,4
118798219,9,2007,0.08,36,1,0,1,4
118805916,6,2001,-1.3,30,1,0,1,4
118805916,7,2003,-2.17,32,1,0,1,4
118805916,8,2005,-1.23,34,1,0,1,4
118805916,9,2007,-0.91,36,1,0,1,4
118860399,6,2001,2.44,30,1,1,1,4
118860399,7,2003,1.48,32,1,1,1,4
118860399,8,2005,2.6,34,1,1,1,4
118860399,9,2007,2.14,36,1,1,1,4
118872761,6,2001,0.76,30,0,0,0,4
118872761,7,2003,-0.25,32,0,0,0,4
118872761,8,2005,0.8,34,0,0,0,4
118872761,9,2007,0.95,36,0,0,0,4
118925407,6,2001,2.79,30,1,1,0,4
118925407,7,2003,2.79,32,1,1,0,4
118954008,6,2001,-0.16,30,1,1,1,4
118954008,7,2003,-0.12,32,1,1,1,4
118954008,8,2005,-0.76,34,1,1,1,4
118954261,6,2001,1.23,30,1,0,0,4
118954261,7,2003,1.12,32,1,0,1,4
118954261,8,2005,2.25,34,1,0,0,4
118954261,9,2007,1.15,36,1,0,0,4
118956175,6,2001,2.79,30,1,0,0,4
118956175,7,2003,0.64,32,1,0,0,4
118956175,8,2005,1.25,34,1,0,0,4
118956175,9,2007,0.52,36,1,0,0,4
118972995,6,2001,0.52,30,1,0,0,4
118972995,7,2003,0.58,32,1,0,0,4
118972995,8,2005,1,34,1,0,0,4
118972995,9,2007,1.67,36,1,0,0,4
118987569,6,2001,1.08,30,0,1,1,4
118987569,7,2003,1,32,0,1,1,4
119002744,6,2001,-0.65,30,1,1,1,4
119002744,7,2003,-0.08,32,1,1,1,4
119002744,8,2005,-0.66,34,1,1,1,4
119002744,9,2007,-0.95,36,1,1,1,4
119007428,6,2001,2,30,1,1,0,4
119007428,7,2003,0.58,32,1,1,0,4
119007428,8,2005,0.9,34,1,1,1,4
119007428,9,2007,1.33,36,1,1,1,4
119060299,6,2001,-0.63,30,0,1,0,4
119060299,7,2003,0.29,32,0,1,0,4
119064103,6,2001,0.05,30,1,1,0,4
119064103,7,2003,0.23,32,1,1,0,4
119064103,8,2005,0.6,34,1,1,0,4
119067978,6,2001,2.19,30,0,1,1,4
119067978,7,2003,0.11,32,0,1,1,4
119074044,6,2001,2.79,30,1,1,0,4
119074044,7,2003,0.78,32,1,1,0,4
119074044,9,2007,-0.07,36,1,1,0,4
119086719,6,2001,0.49,30,1,0,0,4
119086719,7,2003,0.13,32,1,0,0,4
119086719,8,2005,0.22,34,1,0,0,4
119086719,9,2007,-0.57,36,1,0,0,4
119088118,6,2001,1.3,30,1,0,1,4
119088118,7,2003,0.2,32,1,0,1,4
119088118,9,2007,0.05,36,1,0,1,4
119114755,6,2001,0.69,30,0,0,1,4
119114755,7,2003,0.73,32,0,0,1,4
119114755,8,2005,-0.54,34,0,0,1,4
119147823,6,2001,0.34,30,0,0,0,4
119147823,8,2005,-1.33,34,0,0,0,4
119148633,6,2001,-0.48,30,0,0,1,4
119148633,7,2003,-1.26,32,0,0,1,4
119148633,8,2005,-1.04,34,0,0,0,4
119148633,9,2007,-1.07,36,0,0,0,4
119153564,6,2001,0.2,30,0,0,1,4
119153564,7,2003,0.41,32,0,0,1,4
119153564,8,2005,0.57,34,0,0,0,4
119153564,9,2007,0.85,36,0,0,0,4
119155788,6,2001,-1.25,30,0,0,1,4
119155788,7,2003,-1.49,32,0,1,1,4
119155788,8,2005,1.01,34,0,1,1,4
119184168,7,2003,0.77,32,0,0,1,4
119184168,8,2005,0.19,34,0,0,1,4
119184168,9,2007,1.46,36,0,0,1,4
119190222,6,2001,-1.62,30,1,0,1,4
119190222,7,2003,-0.94,32,1,0,1,4
119190222,8,2005,-1.92,34,1,0,1,4
119197103,6,2001,0.38,30,1,0,1,4
119197103,7,2003,0.43,32,1,0,1,4
119197103,8,2005,0.77,34,1,0,0,4
119197103,9,2007,1.05,36,1,0,0,4
119203685,6,2001,-0.78,30,0,0,1,4
119203685,7,2003,0.33,32,0,0,1,4
119203685,8,2005,0.36,34,0,0,1,4
119203685,9,2007,0.12,36,0,0,1,4
119229838,6,2001,0.47,30,0,0,1,4
119229838,7,2003,-1.45,32,0,0,1,4
119229838,8,2005,0.97,34,0,0,1,4
119229838,9,2007,-0.38,36,0,0,1,4
119261774,6,2001,0.4,30,1,0,1,4
119261774,7,2003,0.25,32,1,0,0,4
119261774,8,2005,0.39,34,1,0,0,4
119261774,9,2007,-0.05,36,1,0,0,4
119262916,6,2001,-1.37,30,1,0,1,4
119262916,8,2005,0.79,34,1,0,1,4
119262916,9,2007,-1.69,36,1,0,1,4
119280213,6,2001,0.6,30,0,1,1,4
119280213,7,2003,1.42,32,0,1,1,4
119280213,8,2005,1.46,34,0,1,1,4
119280213,9,2007,1.46,36,0,1,0,4
119285991,6,2001,0.21,30,0,0,1,4
119285991,7,2003,0.47,32,0,0,1,4
119285991,8,2005,0.15,34,0,0,1,4
119312735,6,2001,-0.15,30,1,1,1,4
119312735,7,2003,-0.15,32,1,1,1,4
119312735,8,2005,-0.11,34,1,1,1,4
119317389,6,2001,-1.19,30,0,1,1,4
119317389,7,2003,-1.94,32,0,1,1,4
119317389,8,2005,-1.51,34,0,1,1,4
119317389,9,2007,-1.8,36,0,1,1,4
119344904,6,2001,0.45,30,0,0,1,4
119344904,7,2003,0.7,32,0,0,1,4
119344904,8,2005,-0.63,34,0,0,0,4
121749878,7,2003,0.32,32,1,0,1,3
121749878,8,2005,1.45,34,1,0,1,3
121749878,9,2007,1.54,36,1,0,1,3
122543084,7,2003,0.12,32,0,1,1,1
122543084,8,2005,0.45,34,0,1,1,1
122543084,9,2007,0.19,36,0,1,1,1
124820735,7,2003,-0.62,32,1,1,1,2
124820735,8,2005,-0.54,34,1,1,1,2
124820735,9,2007,0.49,36,1,1,1,2
134270134,7,2003,0.18,32,1,0,1,1
134270134,8,2005,0.19,34,1,0,1,1
134557859,7,2003,-0.63,32,0,1,1,1
134557859,8,2005,-0.63,34,0,1,1,1
134592239,7,2003,0.5,32,0,1,1,1
134592239,8,2005,1.12,34,0,1,1,1
134592239,9,2007,-0.62,36,0,1,1,1
134715071,7,2003,0.77,32,0,0,1,1
134715071,8,2005,0.52,34,0,0,1,1
134715071,9,2007,1.08,36,0,0,1,1
135784271,7,2003,-0.12,32,0,0,1,2
135784271,8,2005,-0.54,34,0,0,1,2
135784271,9,2007,0.12,36,0,0,1,2
137406754,8,2005,0.15,34,0,0,1,3
137406754,9,2007,0.57,36,0,0,1,3
137494823,7,2003,1.07,32,1,1,1,1
137494823,8,2005,-0.5,34,1,1,1,1
137494823,9,2007,1.06,36,1,1,1,1
137776675,7,2003,1.24,32,1,1,1,3
137776675,8,2005,1.26,34,1,1,1,3
137776675,9,2007,0.94,36,1,1,1,3
142226122,8,2005,0.76,34,1,1,1,1
142226122,9,2007,0.47,36,1,1,1,1
145759113,8,2005,-0.29,34,1,0,1,2
145759113,9,2007,0.55,36,1,0,1,2
147058554,8,2005,0.48,34,1,0,0,3
147058554,9,2007,1.2,36,1,0,0,3
151276013,8,2005,0.58,34,1,0,1,2
151276013,9,2007,-0.41,36,1,0,1,2
151334919,8,2005,-0.33,34,0,0,1,2
151334919,9,2007,-0.59,36,0,0,1,2
157118398,8,2005,0.28,34,0,0,1,3
157118398,9,2007,-1.13,36,0,0,1,3
